Segment,Segment_Name,Family,Family_Name,Class,Class_Name,Commodity,Commodity_Name,Unit_Operations,OECD_FOS
23000000,Industrial Manufacturing and Processing Machinery and Accessories,23150000,Industrial process machinery and equipment and supplies,23151500,Rubber and plastic processing machinery and equipment and supplies,23151502,Coating machines,encapsulation,2.9
23000000,Industrial Manufacturing and Processing Machinery and Accessories,23150000,Industrial process machinery and equipment and supplies,23151500,Rubber and plastic processing machinery and equipment and supplies,23151510,Plastic cutting machinery,size_reduction,2.4
23000000,Industrial Manufacturing and Processing Machinery and Accessories,23150000,Industrial process machinery and equipment and supplies,23151500,Rubber and plastic processing machinery and equipment and supplies,23151512,Rubber or plastic mills,size_reduction,2.4
23000000,Industrial Manufacturing and Processing Machinery and Accessories,23150000,Industrial process machinery and equipment and supplies,23151600,Cement and ceramics and glass industry machinery and equipment and supplies,23151601,Blowers or dryers,gas_compression;drying,2.4
23000000,Industrial Manufacturing and Processing Machinery and Accessories,23150000,Industrial process machinery and equipment and supplies,23151600,Cement and ceramics and glass industry machinery and equipment and supplies,23151602,Crushers,size_reduction,2.4
23000000,Industrial Manufacturing and Processing Machinery and Accessories,23150000,Industrial process machinery and equipment and supplies,23151600,Cement and ceramics and glass industry machinery and equipment and supplies,23151608,Sifters,sieving,2.4
23000000,Industrial Manufacturing and Processing Machinery and Accessories,23150000,Industrial process machinery and equipment and supplies,23151700,Optical industry machinery and equipment and supplies,23151705,Optical vacuum coating equipment,encapsulation,2.9
23000000,Industrial Manufacturing and Processing Machinery and Accessories,23150000,Industrial process machinery and equipment and supplies,23151800,Pharmaceutical industry machinery and equipment and supplies,23151801,Ampoule filling equipment,formulation,2.9
23000000,Industrial Manufacturing and Processing Machinery and Accessories,23150000,Industrial process machinery and equipment and supplies,23151800,Pharmaceutical industry machinery and equipment and supplies,23151804,Reactors or fermenters or digesters,fermentation;chemical_reaction,2.9
23000000,Industrial Manufacturing and Processing Machinery and Accessories,23150000,Industrial process machinery and equipment and supplies,23151800,Pharmaceutical industry machinery and equipment and supplies,23151805,Filling or sealing auger dose machines,formulation;packaging,2.9
23000000,Industrial Manufacturing and Processing Machinery and Accessories,23150000,Industrial process machinery and equipment and supplies,23151800,Pharmaceutical industry machinery and equipment and supplies,23151807,Freezedryers or lyophilzers,drying,2.4
23000000,Industrial Manufacturing and Processing Machinery and Accessories,23150000,Industrial process machinery and equipment and supplies,23151800,Pharmaceutical industry machinery and equipment and supplies,23151808,Granulators,size_enlargement,2.4
23000000,Industrial Manufacturing and Processing Machinery and Accessories,23150000,Industrial process machinery and equipment and supplies,23151800,Pharmaceutical industry machinery and equipment and supplies,23151809,Pharmaceutical sieve or screening machines,sieving,2.4
23000000,Industrial Manufacturing and Processing Machinery and Accessories,23150000,Industrial process machinery and equipment and supplies,23151800,Pharmaceutical industry machinery and equipment and supplies,23151810,Sterile or aseptic processing or filling machines,formulation,2.9
23000000,Industrial Manufacturing and Processing Machinery and Accessories,23150000,Industrial process machinery and equipment and supplies,23151800,Pharmaceutical industry machinery and equipment and supplies,23151816,Chromatography columns,chromatography,1.4
23000000,Industrial Manufacturing and Processing Machinery and Accessories,23150000,Industrial process machinery and equipment and supplies,23151800,Pharmaceutical industry machinery and equipment and supplies,23151817,Chromatography media,chromatography,1.4
23000000,Industrial Manufacturing and Processing Machinery and Accessories,23150000,Industrial process machinery and equipment and supplies,23151800,Pharmaceutical industry machinery and equipment and supplies,23151825,Filter and mixer tank unit,mixing;storage,2.4
23000000,Industrial Manufacturing and Processing Machinery and Accessories,23150000,Industrial process machinery and equipment and supplies,23151900,Paper making and paper processing machinery and equipment and supplies,23151907,Screen drum or sieve,sieving,2.4
23000000,Industrial Manufacturing and Processing Machinery and Accessories,23150000,Industrial process machinery and equipment and supplies,23152100,Separation machinery and equipment,23152101,Vibratory separation equipment or parts or screens,sieving,2.4
23000000,Industrial Manufacturing and Processing Machinery and Accessories,23150000,Industrial process machinery and equipment and supplies,23152100,Separation machinery and equipment,23152102,Stationary separation equipment or parts or screens,sieving,2.4
23000000,Industrial Manufacturing and Processing Machinery and Accessories,23150000,Industrial process machinery and equipment and supplies,23152100,Separation machinery and equipment,23152103,Air classification equipment or parts or screens,sieving,2.4
23000000,Industrial Manufacturing and Processing Machinery and Accessories,23150000,Industrial process machinery and equipment and supplies,23152100,Separation machinery and equipment,23152104,Centrifugal separation equipment or parts or screens,sieving,2.4
23000000,Industrial Manufacturing and Processing Machinery and Accessories,23150000,Industrial process machinery and equipment and supplies,23152100,Separation machinery and equipment,23152106,Urethane profile vibratory separation screen,sieving,2.4
23000000,Industrial Manufacturing and Processing Machinery and Accessories,23150000,Industrial process machinery and equipment and supplies,23152100,Separation machinery and equipment,23152107,Profile wire vibratory separation screen,sieving,2.4
23000000,Industrial Manufacturing and Processing Machinery and Accessories,23150000,Industrial process machinery and equipment and supplies,23152100,Separation machinery and equipment,23152108,Punch plate vibratory separation screen,sieving,2.4
23000000,Industrial Manufacturing and Processing Machinery and Accessories,23150000,Industrial process machinery and equipment and supplies,23152100,Separation machinery and equipment,23152109,Urethane coated punch plate vibratory separation screen,sieving,2.4
23000000,Industrial Manufacturing and Processing Machinery and Accessories,23150000,Industrial process machinery and equipment and supplies,23152100,Separation machinery and equipment,23152110,Urethane or rubber wire vibratory separation screen,sieving,2.4
23000000,Industrial Manufacturing and Processing Machinery and Accessories,23150000,Industrial process machinery and equipment and supplies,23152100,Separation machinery and equipment,23152111,Woven wire vibratory separation screen,sieving;drying,2.4
23000000,Industrial Manufacturing and Processing Machinery and Accessories,23150000,Industrial process machinery and equipment and supplies,23152100,Separation machinery and equipment,23152112,Urethane coated woven wire vibratory separation screen,sieving;drying,2.4
23000000,Industrial Manufacturing and Processing Machinery and Accessories,23150000,Industrial process machinery and equipment and supplies,23152900,Packaging machinery,23152901,Wrapping machinery,packaging,2.4
23000000,Industrial Manufacturing and Processing Machinery and Accessories,23150000,Industrial process machinery and equipment and supplies,23152900,Packaging machinery,23152903,Packaging vacuum,packaging,2.4
23000000,Industrial Manufacturing and Processing Machinery and Accessories,23150000,Industrial process machinery and equipment and supplies,23152900,Packaging machinery,23152904,Packaging hoppers,packaging,2.4
23000000,Industrial Manufacturing and Processing Machinery and Accessories,23150000,Industrial process machinery and equipment and supplies,23152900,Packaging machinery,23152907,Packaging machinery supplies,packaging,2.4
23000000,Industrial Manufacturing and Processing Machinery and Accessories,23150000,Industrial process machinery and equipment and supplies,23153100,Industrial machinery components and accessories,23153138,Cutting or chipping heads,size_reduction,2.4
23000000,Industrial Manufacturing and Processing Machinery and Accessories,23150000,Industrial process machinery and equipment and supplies,23153500,Paint systems,23153503,Paint systems ovens,drying,2.4
23000000,Industrial Manufacturing and Processing Machinery and Accessories,23180000,Industrial food and beverage equipment,23181500,Food preparation machinery,23181501,Filling machinery,formulation,2.9
23000000,Industrial Manufacturing and Processing Machinery and Accessories,23180000,Industrial food and beverage equipment,23181500,Food preparation machinery,23181502,Milling machinery,size_reduction,2.4
23000000,Industrial Manufacturing and Processing Machinery and Accessories,23180000,Industrial food and beverage equipment,23181500,Food preparation machinery,23181505,Dehydrating machinery,drying,2.4
23000000,Industrial Manufacturing and Processing Machinery and Accessories,23180000,Industrial food and beverage equipment,23181500,Food preparation machinery,23181512,Cooling machine,cooling,2.4
23000000,Industrial Manufacturing and Processing Machinery and Accessories,23180000,Industrial food and beverage equipment,23181500,Food preparation machinery,23181517,Fermented soybean machine,fermentation,2.9
23000000,Industrial Manufacturing and Processing Machinery and Accessories,23180000,Industrial food and beverage equipment,23181500,Food preparation machinery,23181518,Food fermentation device,fermentation,2.9
23000000,Industrial Manufacturing and Processing Machinery and Accessories,23180000,Industrial food and beverage equipment,23181500,Food preparation machinery,23181520,Cream separator,solid_liquid_separation,2.4
23000000,Industrial Manufacturing and Processing Machinery and Accessories,23180000,Industrial food and beverage equipment,23181600,Food cutting machinery,23181604,Cutting machinery,size_reduction,2.4
23000000,Industrial Manufacturing and Processing Machinery and Accessories,23180000,Industrial food and beverage equipment,23181700,Food cooking and smoking machinery,23181704,Steaming machinery,heating,2.4
23000000,Industrial Manufacturing and Processing Machinery and Accessories,23180000,Industrial food and beverage equipment,23181800,Industrial beverage processing machinery,23181806,Beverage sterilizer,sterilisation,2.9
23000000,Industrial Manufacturing and Processing Machinery and Accessories,23180000,Industrial food and beverage equipment,23181800,Industrial beverage processing machinery,23181807,Dairy mixer,mixing,2.4
23000000,Industrial Manufacturing and Processing Machinery and Accessories,23190000,Mixers and their parts and accessories,23191000,Batch mixers,23191001,Change can mixers,mixing,2.4
23000000,Industrial Manufacturing and Processing Machinery and Accessories,23190000,Mixers and their parts and accessories,23191000,Batch mixers,23191002,Helical blade mixer,mixing,2.4
23000000,Industrial Manufacturing and Processing Machinery and Accessories,23190000,Mixers and their parts and accessories,23191000,Batch mixers,23191003,Double arm kneading mixers,mixing,2.4
23000000,Industrial Manufacturing and Processing Machinery and Accessories,23190000,Mixers and their parts and accessories,23191000,Batch mixers,23191004,Intensive mixers,mixing,2.4
23000000,Industrial Manufacturing and Processing Machinery and Accessories,23190000,Mixers and their parts and accessories,23191000,Batch mixers,23191005,Roll mixers,mixing,2.4
23000000,Industrial Manufacturing and Processing Machinery and Accessories,23190000,Mixers and their parts and accessories,23191000,Batch mixers,23191006,Sand mixer,mixing,2.4
23000000,Industrial Manufacturing and Processing Machinery and Accessories,23190000,Mixers and their parts and accessories,23191100,Continuous mixers,23191101,Single screw mixers,mixing,2.4
23000000,Industrial Manufacturing and Processing Machinery and Accessories,23190000,Mixers and their parts and accessories,23191200,Mixer parts and accessories,23191201,Mixer plows,mixing,2.4
23000000,Industrial Manufacturing and Processing Machinery and Accessories,23190000,Mixers and their parts and accessories,23191200,Mixer parts and accessories,23191202,Mixer blades,mixing,2.4
23000000,Industrial Manufacturing and Processing Machinery and Accessories,23200000,Mass transfer equipment,23201000,Gas liquid contacting systems,23201006,Distillation column,distillation,2.4
23000000,Industrial Manufacturing and Processing Machinery and Accessories,23200000,Mass transfer equipment,23201000,Gas liquid contacting systems,23201007,Distillation column packing,distillation,2.4
23000000,Industrial Manufacturing and Processing Machinery and Accessories,23200000,Mass transfer equipment,23201000,Gas liquid contacting systems,23201008,Distillation tray,distillation,2.4
23000000,Industrial Manufacturing and Processing Machinery and Accessories,23200000,Mass transfer equipment,23201100,Adsorption and ion exchange,23201101,Adsorber vessel,storage,2.4
23000000,Industrial Manufacturing and Processing Machinery and Accessories,23200000,Mass transfer equipment,23201100,Adsorption and ion exchange,23201102,Ambient pressure adsorber vessel,process_monitoring;storage,2.4
23000000,Industrial Manufacturing and Processing Machinery and Accessories,23200000,Mass transfer equipment,23201200,Industrial drying equipment,23201201,Spray dryers,drying;spray_drying,2.4
23000000,Industrial Manufacturing and Processing Machinery and Accessories,23200000,Mass transfer equipment,23201200,Industrial drying equipment,23201202,Air dryers,drying,2.4
23000000,Industrial Manufacturing and Processing Machinery and Accessories,23200000,Mass transfer equipment,23201200,Industrial drying equipment,23201203,Fluidbed dryers,drying,2.4
23000000,Industrial Manufacturing and Processing Machinery and Accessories,23200000,Mass transfer equipment,23201200,Industrial drying equipment,23201204,Food drying equipment,drying,2.4
24000000,Material Handling and Conditioning and Storage Machinery and their Accessories and Supplies,24100000,Material handling machinery and equipment,24101600,Lifting equipment and accessories,24101601,Elevators,conveying,2.4
24000000,Material Handling and Conditioning and Storage Machinery and their Accessories and Supplies,24100000,Material handling machinery and equipment,24101600,Lifting equipment and accessories,24101629,Forklift or elevator accessories or supplies,conveying,2.4
24000000,Material Handling and Conditioning and Storage Machinery and their Accessories and Supplies,24100000,Material handling machinery and equipment,24101700,Conveyors and accessories,24101701,Conveyor roller,conveying,2.4
24000000,Material Handling and Conditioning and Storage Machinery and their Accessories and Supplies,24100000,Material handling machinery and equipment,24101700,Conveyors and accessories,24101704,Conveyor feeders,conveying,2.4
24000000,Material Handling and Conditioning and Storage Machinery and their Accessories and Supplies,24100000,Material handling machinery and equipment,24101700,Conveyors and accessories,24101705,Conveyor screw,conveying,2.4
24000000,Material Handling and Conditioning and Storage Machinery and their Accessories and Supplies,24100000,Material handling machinery and equipment,24101700,Conveyors and accessories,24101707,Conveyor rails,conveying,2.4
24000000,Material Handling and Conditioning and Storage Machinery and their Accessories and Supplies,24100000,Material handling machinery and equipment,24101700,Conveyors and accessories,24101708,Extendable conveyors,conveying,2.4
24000000,Material Handling and Conditioning and Storage Machinery and their Accessories and Supplies,24100000,Material handling machinery and equipment,24101700,Conveyors and accessories,24101709,Roller conveyors,conveying,2.4
24000000,Material Handling and Conditioning and Storage Machinery and their Accessories and Supplies,24100000,Material handling machinery and equipment,24101700,Conveyors and accessories,24101712,Belt conveyors,conveying,2.4
24000000,Material Handling and Conditioning and Storage Machinery and their Accessories and Supplies,24100000,Material handling machinery and equipment,24101700,Conveyors and accessories,24101713,Bucket conveyors,conveying,2.4
24000000,Material Handling and Conditioning and Storage Machinery and their Accessories and Supplies,24100000,Material handling machinery and equipment,24101700,Conveyors and accessories,24101714,Air conveyors,conveying,2.4
24000000,Material Handling and Conditioning and Storage Machinery and their Accessories and Supplies,24100000,Material handling machinery and equipment,24101700,Conveyors and accessories,24101715,Conveyor belting,conveying,2.4
24000000,Material Handling and Conditioning and Storage Machinery and their Accessories and Supplies,24100000,Material handling machinery and equipment,24101700,Conveyors and accessories,24101716,Conveyor pulleys,conveying,2.4
24000000,Material Handling and Conditioning and Storage Machinery and their Accessories and Supplies,24100000,Material handling machinery and equipment,24101700,Conveyors and accessories,24101717,Conveyor idlers,conveying,2.4
24000000,Material Handling and Conditioning and Storage Machinery and their Accessories and Supplies,24100000,Material handling machinery and equipment,24101700,Conveyors and accessories,24101718,Conveyor belt lacing or fasteners,conveying,2.4
24000000,Material Handling and Conditioning and Storage Machinery and their Accessories and Supplies,24100000,Material handling machinery and equipment,24101700,Conveyors and accessories,24101719,Conveyor belt brushes,conveying,2.4
24000000,Material Handling and Conditioning and Storage Machinery and their Accessories and Supplies,24100000,Material handling machinery and equipment,24101700,Conveyors and accessories,24101722,Chain conveyors,conveying,2.4
24000000,Material Handling and Conditioning and Storage Machinery and their Accessories and Supplies,24100000,Material handling machinery and equipment,24101700,Conveyors and accessories,24101724,Conveyor frames,conveying,2.4
24000000,Material Handling and Conditioning and Storage Machinery and their Accessories and Supplies,24100000,Material handling machinery and equipment,24101700,Conveyors and accessories,24101725,Conveyor flights or links,conveying,2.4
24000000,Material Handling and Conditioning and Storage Machinery and their Accessories and Supplies,24100000,Material handling machinery and equipment,24101700,Conveyors and accessories,24101726,Conveyor liner,conveying,2.4
24000000,Material Handling and Conditioning and Storage Machinery and their Accessories and Supplies,24100000,Material handling machinery and equipment,24101700,Conveyors and accessories,24101727,Vibrating conveyors,conveying,2.4
24000000,Material Handling and Conditioning and Storage Machinery and their Accessories and Supplies,24100000,Material handling machinery and equipment,24101700,Conveyors and accessories,24101728,Conveyor mounts,conveying,2.4
24000000,Material Handling and Conditioning and Storage Machinery and their Accessories and Supplies,24100000,Material handling machinery and equipment,24101700,Conveyors and accessories,24101729,Elevator bucket,conveying,2.4
24000000,Material Handling and Conditioning and Storage Machinery and their Accessories and Supplies,24100000,Material handling machinery and equipment,24101700,Conveyors and accessories,24101730,Screw conveyor,conveying,2.4
24000000,Material Handling and Conditioning and Storage Machinery and their Accessories and Supplies,24100000,Material handling machinery and equipment,24101700,Conveyors and accessories,24101731,Conveyor skirt board,conveying,2.4
24000000,Material Handling and Conditioning and Storage Machinery and their Accessories and Supplies,24100000,Material handling machinery and equipment,24101700,Conveyors and accessories,24101732,Conveyor carrying idler bracket,conveying,2.4
24000000,Material Handling and Conditioning and Storage Machinery and their Accessories and Supplies,24100000,Material handling machinery and equipment,24101700,Conveyors and accessories,24101733,Conveyor return idler bracket,conveying,2.4
24000000,Material Handling and Conditioning and Storage Machinery and their Accessories and Supplies,24100000,Material handling machinery and equipment,24101700,Conveyors and accessories,24101740,High angle conveyor,conveying,2.4
24000000,Material Handling and Conditioning and Storage Machinery and their Accessories and Supplies,24100000,Material handling machinery and equipment,24101700,Conveyors and accessories,24101743,Conveyor tail shaft,conveying,2.4
24000000,Material Handling and Conditioning and Storage Machinery and their Accessories and Supplies,24100000,Material handling machinery and equipment,24101700,Conveyors and accessories,24101744,Conveyor head shaft,conveying,2.4
24000000,Material Handling and Conditioning and Storage Machinery and their Accessories and Supplies,24100000,Material handling machinery and equipment,24101700,Conveyors and accessories,24101745,Wheel conveyor,conveying,2.4
24000000,Material Handling and Conditioning and Storage Machinery and their Accessories and Supplies,24100000,Material handling machinery and equipment,24101700,Conveyors and accessories,24101746,Portable conveyor,conveying,2.4
24000000,Material Handling and Conditioning and Storage Machinery and their Accessories and Supplies,24100000,Material handling machinery and equipment,24101700,Conveyors and accessories,24101747,Conveyor support,conveying,2.4
24000000,Material Handling and Conditioning and Storage Machinery and their Accessories and Supplies,24100000,Material handling machinery and equipment,24101700,Conveyors and accessories,24101748,Tripper conveyor,conveying,2.4
24000000,Material Handling and Conditioning and Storage Machinery and their Accessories and Supplies,24100000,Material handling machinery and equipment,24101700,Conveyors and accessories,24101749,Conveyor system,conveying,2.4
24000000,Material Handling and Conditioning and Storage Machinery and their Accessories and Supplies,24100000,Material handling machinery and equipment,24101700,Conveyors and accessories,24101750,Overhead track conveyor,conveying,2.4
24000000,Material Handling and Conditioning and Storage Machinery and their Accessories and Supplies,24100000,Material handling machinery and equipment,24101900,Drum handling equipment,24101908,Drum stillage,distillation,2.4
24000000,Material Handling and Conditioning and Storage Machinery and their Accessories and Supplies,24100000,Material handling machinery and equipment,24102100,Warehousing equipment and supplies,24102106,Industrial shrink wrap equipment,packaging,2.4
24000000,Material Handling and Conditioning and Storage Machinery and their Accessories and Supplies,24100000,Material handling machinery and equipment,24102100,Warehousing equipment and supplies,24102108,Packaging compactors,packaging,2.4
24000000,Material Handling and Conditioning and Storage Machinery and their Accessories and Supplies,24100000,Material handling machinery and equipment,24102200,Packing tools,24102202,Box sealing tape dispensers,packaging,2.4
24000000,Material Handling and Conditioning and Storage Machinery and their Accessories and Supplies,24100000,Material handling machinery and equipment,24102200,Packing tools,24102203,Bag sealing tools or equipment,packaging,2.4
24000000,Material Handling and Conditioning and Storage Machinery and their Accessories and Supplies,24100000,Material handling machinery and equipment,24102200,Packing tools,24102209,Die cutting machine,size_reduction,2.4
24000000,Material Handling and Conditioning and Storage Machinery and their Accessories and Supplies,24110000,Containers and storage,24111500,Bags,24111505,Flexible intermediate bulk containers,storage,2.4
24000000,Material Handling and Conditioning and Storage Machinery and their Accessories and Supplies,24110000,Containers and storage,24111500,Bags,24111515,Unwoven fabric bag,drying,2.4
24000000,Material Handling and Conditioning and Storage Machinery and their Accessories and Supplies,24110000,Containers and storage,24111800,Tanks and cylinders and their accessories,24111802,Air or gas tanks or cylinders,storage,2.4
24000000,Material Handling and Conditioning and Storage Machinery and their Accessories and Supplies,24110000,Containers and storage,24111800,Tanks and cylinders and their accessories,24111803,Storage tanks,storage,2.4
24000000,Material Handling and Conditioning and Storage Machinery and their Accessories and Supplies,24110000,Containers and storage,24111800,Tanks and cylinders and their accessories,24111804,Calibrating tanks,storage,2.4
24000000,Material Handling and Conditioning and Storage Machinery and their Accessories and Supplies,24110000,Containers and storage,24111800,Tanks and cylinders and their accessories,24111805,Chemical tanks,storage,2.4
24000000,Material Handling and Conditioning and Storage Machinery and their Accessories and Supplies,24110000,Containers and storage,24111800,Tanks and cylinders and their accessories,24111806,Dip tanks,storage,2.4
24000000,Material Handling and Conditioning and Storage Machinery and their Accessories and Supplies,24110000,Containers and storage,24111800,Tanks and cylinders and their accessories,24111807,Expansion tanks,storage,2.4
24000000,Material Handling and Conditioning and Storage Machinery and their Accessories and Supplies,24110000,Containers and storage,24111800,Tanks and cylinders and their accessories,24111808,Fuel storage tanks,storage,2.4
24000000,Material Handling and Conditioning and Storage Machinery and their Accessories and Supplies,24110000,Containers and storage,24111800,Tanks and cylinders and their accessories,24111809,Processing tanks,storage,2.4
24000000,Material Handling and Conditioning and Storage Machinery and their Accessories and Supplies,24110000,Containers and storage,24111800,Tanks and cylinders and their accessories,24111810,Water storage tanks,storage,2.4
24000000,Material Handling and Conditioning and Storage Machinery and their Accessories and Supplies,24110000,Containers and storage,24111800,Tanks and cylinders and their accessories,24111813,Rinse tanks,storage,2.4
24000000,Material Handling and Conditioning and Storage Machinery and their Accessories and Supplies,24110000,Containers and storage,24111800,Tanks and cylinders and their accessories,24111814,Hot water tank,storage,2.4
24000000,Material Handling and Conditioning and Storage Machinery and their Accessories and Supplies,24110000,Containers and storage,24111800,Tanks and cylinders and their accessories,24111815,Steam condensate tank,heating;storage,2.4
24000000,Material Handling and Conditioning and Storage Machinery and their Accessories and Supplies,24110000,Containers and storage,24111800,Tanks and cylinders and their accessories,24111816,Liquified gas tank or cylinder,storage,2.4
24000000,Material Handling and Conditioning and Storage Machinery and their Accessories and Supplies,24110000,Containers and storage,24111800,Tanks and cylinders and their accessories,24111817,Cement silo,storage,2.4
24000000,Material Handling and Conditioning and Storage Machinery and their Accessories and Supplies,24110000,Containers and storage,24111800,Tanks and cylinders and their accessories,24111818,Tank seal,storage,2.4
24000000,Material Handling and Conditioning and Storage Machinery and their Accessories and Supplies,24110000,Containers and storage,24111800,Tanks and cylinders and their accessories,24111819,Hydropneumatic tank,storage,2.4
24000000,Material Handling and Conditioning and Storage Machinery and their Accessories and Supplies,24110000,Containers and storage,24112100,Casks and barrels and drums,24112110,Intermediate bulk containers,storage,2.4
24000000,Material Handling and Conditioning and Storage Machinery and their Accessories and Supplies,24110000,Containers and storage,24112800,Freight containers,24112801,Dry freight container,storage,2.4
24000000,Material Handling and Conditioning and Storage Machinery and their Accessories and Supplies,24110000,Containers and storage,24112800,Freight containers,24112802,Open top freight container,storage,2.4
24000000,Material Handling and Conditioning and Storage Machinery and their Accessories and Supplies,24110000,Containers and storage,24112800,Freight containers,24112803,Platform freight container,storage,2.4
24000000,Material Handling and Conditioning and Storage Machinery and their Accessories and Supplies,24110000,Containers and storage,24112800,Freight containers,24112804,Flatrack freight container,storage,2.4
24000000,Material Handling and Conditioning and Storage Machinery and their Accessories and Supplies,24110000,Containers and storage,24112800,Freight containers,24112805,Temperature controlled freight container,process_monitoring;storage,2.4
24000000,Material Handling and Conditioning and Storage Machinery and their Accessories and Supplies,24110000,Containers and storage,24113100,Boxes,24113104,Cold storage box,cooling,2.4
24000000,Material Handling and Conditioning and Storage Machinery and their Accessories and Supplies,24130000,Industrial refrigeration,24131500,Industrial refrigerators,24131501,Combined refrigerator freezers,cooling,2.4
24000000,Material Handling and Conditioning and Storage Machinery and their Accessories and Supplies,24130000,Industrial refrigeration,24131500,Industrial refrigerators,24131502,Liquid nitrogen refrigerators,cooling,2.4
24000000,Material Handling and Conditioning and Storage Machinery and their Accessories and Supplies,24130000,Industrial refrigeration,24131500,Industrial refrigerators,24131503,Walk in refrigerators,cooling,2.4
24000000,Material Handling and Conditioning and Storage Machinery and their Accessories and Supplies,24130000,Industrial refrigeration,24131500,Industrial refrigerators,24131504,Refrigerated containers,cooling;storage,2.4
24000000,Material Handling and Conditioning and Storage Machinery and their Accessories and Supplies,24130000,Industrial refrigeration,24131500,Industrial refrigerators,24131505,Refrigerated vessels,cooling;storage,2.4
24000000,Material Handling and Conditioning and Storage Machinery and their Accessories and Supplies,24130000,Industrial refrigeration,24131500,Industrial refrigerators,24131506,Refrigerated tanks,cooling;storage,2.4
24000000,Material Handling and Conditioning and Storage Machinery and their Accessories and Supplies,24130000,Industrial refrigeration,24131500,Industrial refrigerators,24131507,Blast chiller,cooling,2.4
24000000,Material Handling and Conditioning and Storage Machinery and their Accessories and Supplies,24130000,Industrial refrigeration,24131500,Industrial refrigerators,24131508,Cabinet refrigerator,cooling,2.4
24000000,Material Handling and Conditioning and Storage Machinery and their Accessories and Supplies,24130000,Industrial refrigeration,24131500,Industrial refrigerators,24131509,Under counter refrigerator,cooling,2.4
24000000,Material Handling and Conditioning and Storage Machinery and their Accessories and Supplies,24130000,Industrial refrigeration,24131500,Industrial refrigerators,24131510,Counter refrigerator,cooling,2.4
24000000,Material Handling and Conditioning and Storage Machinery and their Accessories and Supplies,24130000,Industrial refrigeration,24131500,Industrial refrigerators,24131511,Bakery cabinet refrigerator,cooling,2.4
24000000,Material Handling and Conditioning and Storage Machinery and their Accessories and Supplies,24130000,Industrial refrigeration,24131500,Industrial refrigerators,24131512,Refrigerated counter preparation station,cooling,2.4
24000000,Material Handling and Conditioning and Storage Machinery and their Accessories and Supplies,24130000,Industrial refrigeration,24131500,Industrial refrigerators,24131514,Precooling and cold storage unit,cooling,2.4
24000000,Material Handling and Conditioning and Storage Machinery and their Accessories and Supplies,24130000,Industrial refrigeration,24131500,Industrial refrigerators,24131515,Pharmaceutical refrigerator and freezer,cooling,2.4
24000000,Material Handling and Conditioning and Storage Machinery and their Accessories and Supplies,24130000,Industrial refrigeration,24131500,Industrial refrigerators,24131516,Cold storage room,cooling,2.4
24000000,Material Handling and Conditioning and Storage Machinery and their Accessories and Supplies,24130000,Industrial refrigeration,24131600,Industrial freezers,24131601,Chest freezers,cooling,2.4
24000000,Material Handling and Conditioning and Storage Machinery and their Accessories and Supplies,24130000,Industrial refrigeration,24131600,Industrial freezers,24131602,Upright cabinet freezer,cooling,2.4
24000000,Material Handling and Conditioning and Storage Machinery and their Accessories and Supplies,24130000,Industrial refrigeration,24131600,Industrial freezers,24131603,Low temperature freezers,cooling;process_monitoring,2.4
24000000,Material Handling and Conditioning and Storage Machinery and their Accessories and Supplies,24130000,Industrial refrigeration,24131600,Industrial freezers,24131604,Freeze drying equipment,drying;freeze_drying,2.9
24000000,Material Handling and Conditioning and Storage Machinery and their Accessories and Supplies,24130000,Industrial refrigeration,24131600,Industrial freezers,24131605,Walk in freezers,cooling,2.4
24000000,Material Handling and Conditioning and Storage Machinery and their Accessories and Supplies,24130000,Industrial refrigeration,24131600,Industrial freezers,24131606,Plate freezers,cooling,2.4
24000000,Material Handling and Conditioning and Storage Machinery and their Accessories and Supplies,24130000,Industrial refrigeration,24131600,Industrial freezers,24131607,Blast freezers,cooling,2.4
24000000,Material Handling and Conditioning and Storage Machinery and their Accessories and Supplies,24130000,Industrial refrigeration,24131600,Industrial freezers,24131608,Bakery cabinet freezer,cooling,2.4
24000000,Material Handling and Conditioning and Storage Machinery and their Accessories and Supplies,24130000,Industrial refrigeration,24131600,Industrial freezers,24131609,Under counter cabinet freezer,cooling,2.4
24000000,Material Handling and Conditioning and Storage Machinery and their Accessories and Supplies,24130000,Industrial refrigeration,24131600,Industrial freezers,24131610,Counter cabinet freezer,cooling,2.4
40000000,Distribution and Conditioning Systems and Equipment and Components,40140000,Fluid and gas distribution,40141600,Valves,40141621,Diaphragm valves,pumping,2.4
40000000,Distribution and Conditioning Systems and Equipment and Components,40140000,Fluid and gas distribution,40141600,Valves,40141631,Pump valves,pumping,2.4
40000000,Distribution and Conditioning Systems and Equipment and Components,40140000,Fluid and gas distribution,40141600,Valves,40141652,Pressure reducing valve,process_monitoring,2.4
40000000,Distribution and Conditioning Systems and Equipment and Components,40140000,Fluid and gas distribution,40141700,Hardware and fittings,40141737,Diaphragms,pumping,2.4
40000000,Distribution and Conditioning Systems and Equipment and Components,40140000,Fluid and gas distribution,40141700,Hardware and fittings,40141742,Atomizers,spray_drying,2.4
40000000,Distribution and Conditioning Systems and Equipment and Components,40140000,Fluid and gas distribution,40141700,Hardware and fittings,40141765,Drain separator,solid_liquid_separation,2.4
40000000,Distribution and Conditioning Systems and Equipment and Components,40140000,Fluid and gas distribution,40142000,Hoses,40142015,Steam cleaning hose,heating,2.4
40000000,Distribution and Conditioning Systems and Equipment and Components,40140000,Fluid and gas distribution,40142200,Fluid and gas regulators,40142208,Gas mixer,mixing,2.4
40000000,Distribution and Conditioning Systems and Equipment and Components,40140000,Fluid and gas distribution,40142500,Traps and strainers,40142503,Steam traps,heating,2.4
40000000,Distribution and Conditioning Systems and Equipment and Components,40140000,Fluid and gas distribution,40142500,Traps and strainers,40142504,Steam strainers,heating,2.4
40000000,Distribution and Conditioning Systems and Equipment and Components,40140000,Fluid and gas distribution,40142500,Traps and strainers,40142510,Thermostatic steam trap,heating,2.4
40000000,Distribution and Conditioning Systems and Equipment and Components,40140000,Fluid and gas distribution,40142500,Traps and strainers,40142511,Thermodynamic steam trap,heating,2.4
40000000,Distribution and Conditioning Systems and Equipment and Components,40150000,Industrial pumps and compressors,40151500,Pumps,40151501,Air pumps,pumping,2.4
40000000,Distribution and Conditioning Systems and Equipment and Components,40150000,Industrial pumps and compressors,40151500,Pumps,40151502,Vacuum pumps,pumping;gas_compression,2.4
40000000,Distribution and Conditioning Systems and Equipment and Components,40150000,Industrial pumps and compressors,40151500,Pumps,40151503,Centrifugal pumps,pumping,2.4
40000000,Distribution and Conditioning Systems and Equipment and Components,40150000,Industrial pumps and compressors,40151500,Pumps,40151504,Circulating pumps,pumping,2.4
40000000,Distribution and Conditioning Systems and Equipment and Components,40150000,Industrial pumps and compressors,40151500,Pumps,40151505,Dosing pumps,pumping;formulation,2.9
40000000,Distribution and Conditioning Systems and Equipment and Components,40150000,Industrial pumps and compressors,40151500,Pumps,40151506,Hand pumps,pumping,2.4
40000000,Distribution and Conditioning Systems and Equipment and Components,40150000,Industrial pumps and compressors,40151500,Pumps,40151507,Irrigation pumps,pumping,2.4
40000000,Distribution and Conditioning Systems and Equipment and Components,40150000,Industrial pumps and compressors,40151500,Pumps,40151508,Mud pumps,pumping,2.4
40000000,Distribution and Conditioning Systems and Equipment and Components,40150000,Industrial pumps and compressors,40151500,Pumps,40151509,Reciprocating pumps,pumping;cip_cleaning,2.4
40000000,Distribution and Conditioning Systems and Equipment and Components,40150000,Industrial pumps and compressors,40151500,Pumps,40151510,Water pumps,pumping,2.4
40000000,Distribution and Conditioning Systems and Equipment and Components,40150000,Industrial pumps and compressors,40151500,Pumps,40151511,Well pumps,pumping,2.4
40000000,Distribution and Conditioning Systems and Equipment and Components,40150000,Industrial pumps and compressors,40151500,Pumps,40151512,Sump pumps,pumping,2.4
40000000,Distribution and Conditioning Systems and Equipment and Components,40150000,Industrial pumps and compressors,40151500,Pumps,40151513,Submersible pumps,pumping,2.4
40000000,Distribution and Conditioning Systems and Equipment and Components,40150000,Industrial pumps and compressors,40151500,Pumps,40151514,Steam pumps,pumping;heating,2.4
40000000,Distribution and Conditioning Systems and Equipment and Components,40150000,Industrial pumps and compressors,40151500,Pumps,40151515,Solenoid pumps,pumping,2.4
40000000,Distribution and Conditioning Systems and Equipment and Components,40150000,Industrial pumps and compressors,40151500,Pumps,40151516,Shear pumps,pumping,2.4
40000000,Distribution and Conditioning Systems and Equipment and Components,40150000,Industrial pumps and compressors,40151500,Pumps,40151517,Sewage pumps,pumping,2.4
40000000,Distribution and Conditioning Systems and Equipment and Components,40150000,Industrial pumps and compressors,40151500,Pumps,40151518,Sealless pumps,pumping,2.4
40000000,Distribution and Conditioning Systems and Equipment and Components,40150000,Industrial pumps and compressors,40151500,Pumps,40151519,Sanitary pumps,pumping,2.4
40000000,Distribution and Conditioning Systems and Equipment and Components,40150000,Industrial pumps and compressors,40151500,Pumps,40151520,Sampling pumps,pumping,2.4
40000000,Distribution and Conditioning Systems and Equipment and Components,40150000,Industrial pumps and compressors,40151500,Pumps,40151521,Rotary pumps,pumping,2.4
40000000,Distribution and Conditioning Systems and Equipment and Components,40150000,Industrial pumps and compressors,40151500,Pumps,40151522,Reverse osmosis pumps,pumping;membrane_separation,2.4
40000000,Distribution and Conditioning Systems and Equipment and Components,40150000,Industrial pumps and compressors,40151500,Pumps,40151523,Positive displacement pumps,pumping,2.4
40000000,Distribution and Conditioning Systems and Equipment and Components,40150000,Industrial pumps and compressors,40151500,Pumps,40151524,Oil pumps,pumping,2.4
40000000,Distribution and Conditioning Systems and Equipment and Components,40150000,Industrial pumps and compressors,40151500,Pumps,40151525,Sludge pumps,pumping,2.4
40000000,Distribution and Conditioning Systems and Equipment and Components,40150000,Industrial pumps and compressors,40151500,Pumps,40151526,Turbine pumps,pumping,2.4
40000000,Distribution and Conditioning Systems and Equipment and Components,40150000,Industrial pumps and compressors,40151500,Pumps,40151527,Plunger pumps,pumping,2.4
40000000,Distribution and Conditioning Systems and Equipment and Components,40150000,Industrial pumps and compressors,40151500,Pumps,40151528,Oscillating pumps,pumping,2.4
40000000,Distribution and Conditioning Systems and Equipment and Components,40150000,Industrial pumps and compressors,40151500,Pumps,40151529,Drum pumps,pumping,2.4
40000000,Distribution and Conditioning Systems and Equipment and Components,40150000,Industrial pumps and compressors,40151500,Pumps,40151530,Dredge pumps,pumping,2.4
40000000,Distribution and Conditioning Systems and Equipment and Components,40150000,Industrial pumps and compressors,40151500,Pumps,40151531,Dewatering pumps,pumping,2.4
40000000,Distribution and Conditioning Systems and Equipment and Components,40150000,Industrial pumps and compressors,40151500,Pumps,40151532,Fuel pumps,pumping,2.4
40000000,Distribution and Conditioning Systems and Equipment and Components,40150000,Industrial pumps and compressors,40151500,Pumps,40151533,Hydraulic pumps,pumping,2.4
40000000,Distribution and Conditioning Systems and Equipment and Components,40150000,Industrial pumps and compressors,40151500,Pumps,40151534,Cryogenic pumps,pumping,2.4
40000000,Distribution and Conditioning Systems and Equipment and Components,40150000,Industrial pumps and compressors,40151500,Pumps,40151546,Axial split pumps,pumping,2.4
40000000,Distribution and Conditioning Systems and Equipment and Components,40150000,Industrial pumps and compressors,40151500,Pumps,40151547,Deepwell pumps,pumping,2.4
40000000,Distribution and Conditioning Systems and Equipment and Components,40150000,Industrial pumps and compressors,40151500,Pumps,40151548,Diaphragm pumps,pumping,2.4
40000000,Distribution and Conditioning Systems and Equipment and Components,40150000,Industrial pumps and compressors,40151500,Pumps,40151549,Double diaphragm pumps,pumping,2.4
40000000,Distribution and Conditioning Systems and Equipment and Components,40150000,Industrial pumps and compressors,40151500,Pumps,40151550,Duplex pumps,pumping,2.4
40000000,Distribution and Conditioning Systems and Equipment and Components,40150000,Industrial pumps and compressors,40151500,Pumps,40151551,Gear pumps,pumping,2.4
40000000,Distribution and Conditioning Systems and Equipment and Components,40150000,Industrial pumps and compressors,40151500,Pumps,40151552,Metering or injection or proportioning pumps,pumping,2.4
40000000,Distribution and Conditioning Systems and Equipment and Components,40150000,Industrial pumps and compressors,40151500,Pumps,40151553,Progressive cavity pumps,pumping,2.4
40000000,Distribution and Conditioning Systems and Equipment and Components,40150000,Industrial pumps and compressors,40151500,Pumps,40151554,Ram pumps,pumping,2.4
40000000,Distribution and Conditioning Systems and Equipment and Components,40150000,Industrial pumps and compressors,40151500,Pumps,40151555,Rotary cam pumps,pumping,2.4
40000000,Distribution and Conditioning Systems and Equipment and Components,40150000,Industrial pumps and compressors,40151500,Pumps,40151556,Rotary lobe pumps,pumping,2.4
40000000,Distribution and Conditioning Systems and Equipment and Components,40150000,Industrial pumps and compressors,40151500,Pumps,40151557,Rotating piston pumps,pumping,2.4
40000000,Distribution and Conditioning Systems and Equipment and Components,40150000,Industrial pumps and compressors,40151500,Pumps,40151558,Screw Pumps,pumping,2.4
40000000,Distribution and Conditioning Systems and Equipment and Components,40150000,Industrial pumps and compressors,40151500,Pumps,40151559,Simplex pumps,pumping,2.4
40000000,Distribution and Conditioning Systems and Equipment and Components,40150000,Industrial pumps and compressors,40151500,Pumps,40151560,Sliding vane pumps,pumping,2.4
40000000,Distribution and Conditioning Systems and Equipment and Components,40150000,Industrial pumps and compressors,40151500,Pumps,40151561,Triplex pumps,pumping,2.4
40000000,Distribution and Conditioning Systems and Equipment and Components,40150000,Industrial pumps and compressors,40151500,Pumps,40151562,Worm pumps,pumping,2.4
40000000,Distribution and Conditioning Systems and Equipment and Components,40150000,Industrial pumps and compressors,40151500,Pumps,40151563,Fire pump sets,pumping,2.4
40000000,Distribution and Conditioning Systems and Equipment and Components,40150000,Industrial pumps and compressors,40151500,Pumps,40151564,Chemical pumps,pumping,2.4
40000000,Distribution and Conditioning Systems and Equipment and Components,40150000,Industrial pumps and compressors,40151500,Pumps,40151565,Macerator pump,pumping,2.4
40000000,Distribution and Conditioning Systems and Equipment and Components,40150000,Industrial pumps and compressors,40151500,Pumps,40151566,Booster pump,pumping,2.4
40000000,Distribution and Conditioning Systems and Equipment and Components,40150000,Industrial pumps and compressors,40151500,Pumps,40151567,High temperature pump,pumping;process_monitoring,2.4
40000000,Distribution and Conditioning Systems and Equipment and Components,40150000,Industrial pumps and compressors,40151500,Pumps,40151568,Pulp pump,pumping,2.4
40000000,Distribution and Conditioning Systems and Equipment and Components,40150000,Industrial pumps and compressors,40151500,Pumps,40151569,Monoflex pump,pumping,2.4
40000000,Distribution and Conditioning Systems and Equipment and Components,40150000,Industrial pumps and compressors,40151500,Pumps,40151570,Mixed flow pump,pumping,2.4
40000000,Distribution and Conditioning Systems and Equipment and Components,40150000,Industrial pumps and compressors,40151500,Pumps,40151571,Inline pump,pumping,2.4
40000000,Distribution and Conditioning Systems and Equipment and Components,40150000,Industrial pumps and compressors,40151500,Pumps,40151572,Air lift pump,pumping,2.4
40000000,Distribution and Conditioning Systems and Equipment and Components,40150000,Industrial pumps and compressors,40151500,Pumps,40151573,Magnet pump,pumping,2.4
40000000,Distribution and Conditioning Systems and Equipment and Components,40150000,Industrial pumps and compressors,40151500,Pumps,40151574,Ejector pump,pumping,2.4
40000000,Distribution and Conditioning Systems and Equipment and Components,40150000,Industrial pumps and compressors,40151500,Pumps,40151575,Brushless coolant pump,pumping,2.4
40000000,Distribution and Conditioning Systems and Equipment and Components,40150000,Industrial pumps and compressors,40151500,Pumps,40151576,Mortar pump,pumping,2.4
40000000,Distribution and Conditioning Systems and Equipment and Components,40150000,Industrial pumps and compressors,40151500,Pumps,40151577,Grouting pump,pumping,2.4
40000000,Distribution and Conditioning Systems and Equipment and Components,40150000,Industrial pumps and compressors,40151500,Pumps,40151578,Diving air pump,pumping,2.4
40000000,Distribution and Conditioning Systems and Equipment and Components,40150000,Industrial pumps and compressors,40151500,Pumps,40151579,Gravity pump,pumping,2.4
40000000,Distribution and Conditioning Systems and Equipment and Components,40150000,Industrial pumps and compressors,40151500,Pumps,40151580,Lubricator pump,pumping,2.4
40000000,Distribution and Conditioning Systems and Equipment and Components,40150000,Industrial pumps and compressors,40151500,Pumps,40151581,Multi stage pump,pumping,2.4
40000000,Distribution and Conditioning Systems and Equipment and Components,40150000,Industrial pumps and compressors,40151600,Compressors,40151601,Air compressors,gas_compression,2.4
40000000,Distribution and Conditioning Systems and Equipment and Components,40150000,Industrial pumps and compressors,40151600,Compressors,40151602,Axial flow compressors,gas_compression,2.4
40000000,Distribution and Conditioning Systems and Equipment and Components,40150000,Industrial pumps and compressors,40151600,Compressors,40151603,Diaphragm compressors,pumping;gas_compression,2.4
40000000,Distribution and Conditioning Systems and Equipment and Components,40150000,Industrial pumps and compressors,40151600,Compressors,40151604,Gas compressors,gas_compression,2.4
40000000,Distribution and Conditioning Systems and Equipment and Components,40150000,Industrial pumps and compressors,40151600,Compressors,40151605,Motor compressors,gas_compression,2.4
40000000,Distribution and Conditioning Systems and Equipment and Components,40150000,Industrial pumps and compressors,40151600,Compressors,40151606,Reciprocating compressors,gas_compression;cip_cleaning,2.4
40000000,Distribution and Conditioning Systems and Equipment and Components,40150000,Industrial pumps and compressors,40151600,Compressors,40151607,Refrigerant compressors,gas_compression,2.4
40000000,Distribution and Conditioning Systems and Equipment and Components,40150000,Industrial pumps and compressors,40151600,Compressors,40151608,Rotary compressors,gas_compression,2.4
40000000,Distribution and Conditioning Systems and Equipment and Components,40150000,Industrial pumps and compressors,40151600,Compressors,40151609,Screw compressors,gas_compression,2.4
40000000,Distribution and Conditioning Systems and Equipment and Components,40150000,Industrial pumps and compressors,40151600,Compressors,40151611,Barrel compressors,gas_compression,2.4
40000000,Distribution and Conditioning Systems and Equipment and Components,40150000,Industrial pumps and compressors,40151600,Compressors,40151612,Centrifugal compressors,gas_compression,2.4
40000000,Distribution and Conditioning Systems and Equipment and Components,40150000,Industrial pumps and compressors,40151600,Compressors,40151613,Combination compressors,gas_compression,2.4
40000000,Distribution and Conditioning Systems and Equipment and Components,40150000,Industrial pumps and compressors,40151600,Compressors,40151614,Semi radial compressors,gas_compression,2.4
40000000,Distribution and Conditioning Systems and Equipment and Components,40150000,Industrial pumps and compressors,40151600,Compressors,40151615,Turbo compressors,gas_compression,2.4
40000000,Distribution and Conditioning Systems and Equipment and Components,40150000,Industrial pumps and compressors,40151600,Compressors,40151616,Compressor kits,gas_compression,2.4
40000000,Distribution and Conditioning Systems and Equipment and Components,40150000,Industrial pumps and compressors,40151700,Pump parts and accessories,40151701,Pump casings,pumping,2.4
40000000,Distribution and Conditioning Systems and Equipment and Components,40150000,Industrial pumps and compressors,40151700,Pump parts and accessories,40151712,Pump packings,pumping,2.4
40000000,Distribution and Conditioning Systems and Equipment and Components,40150000,Industrial pumps and compressors,40151700,Pump parts and accessories,40151713,Pump liners,pumping,2.4
40000000,Distribution and Conditioning Systems and Equipment and Components,40150000,Industrial pumps and compressors,40151700,Pump parts and accessories,40151714,Pump barrels,pumping,2.4
40000000,Distribution and Conditioning Systems and Equipment and Components,40150000,Industrial pumps and compressors,40151700,Pump parts and accessories,40151715,Pump idlers,pumping,2.4
40000000,Distribution and Conditioning Systems and Equipment and Components,40150000,Industrial pumps and compressors,40151700,Pump parts and accessories,40151716,Pump head,pumping,2.4
40000000,Distribution and Conditioning Systems and Equipment and Components,40150000,Industrial pumps and compressors,40151700,Pump parts and accessories,40151717,Pump discs,pumping,2.4
40000000,Distribution and Conditioning Systems and Equipment and Components,40150000,Industrial pumps and compressors,40151700,Pump parts and accessories,40151718,Sludge pump spare parts,pumping,2.4
40000000,Distribution and Conditioning Systems and Equipment and Components,40150000,Industrial pumps and compressors,40151700,Pump parts and accessories,40151719,Sewage pump spare parts,pumping,2.4
40000000,Distribution and Conditioning Systems and Equipment and Components,40150000,Industrial pumps and compressors,40151700,Pump parts and accessories,40151720,Submersible pump spare parts,pumping,2.4
40000000,Distribution and Conditioning Systems and Equipment and Components,40150000,Industrial pumps and compressors,40151700,Pump parts and accessories,40151721,Water pump spare parts,pumping,2.4
40000000,Distribution and Conditioning Systems and Equipment and Components,40150000,Industrial pumps and compressors,40151700,Pump parts and accessories,40151722,Well pump spare parts,pumping,2.4
40000000,Distribution and Conditioning Systems and Equipment and Components,40150000,Industrial pumps and compressors,40151700,Pump parts and accessories,40151723,Sump pump spare parts,pumping,2.4
40000000,Distribution and Conditioning Systems and Equipment and Components,40150000,Industrial pumps and compressors,40151700,Pump parts and accessories,40151724,Dosing pump spare parts,pumping;formulation,2.9
40000000,Distribution and Conditioning Systems and Equipment and Components,40150000,Industrial pumps and compressors,40151700,Pump parts and accessories,40151725,Centrifugal pump spare parts,pumping,2.4
40000000,Distribution and Conditioning Systems and Equipment and Components,40150000,Industrial pumps and compressors,40151700,Pump parts and accessories,40151726,Circulation pump spare parts,pumping,2.4
40000000,Distribution and Conditioning Systems and Equipment and Components,40150000,Industrial pumps and compressors,40151700,Pump parts and accessories,40151727,Rotary pump spare parts,pumping,2.4
40000000,Distribution and Conditioning Systems and Equipment and Components,40150000,Industrial pumps and compressors,40151700,Pump parts and accessories,40151728,Pump repair kits,pumping,2.4
40000000,Distribution and Conditioning Systems and Equipment and Components,40150000,Industrial pumps and compressors,40151700,Pump parts and accessories,40151729,Pump stator,pumping,2.4
40000000,Distribution and Conditioning Systems and Equipment and Components,40150000,Industrial pumps and compressors,40151700,Pump parts and accessories,40151730,Pump impeller,pumping,2.4
40000000,Distribution and Conditioning Systems and Equipment and Components,40150000,Industrial pumps and compressors,40151700,Pump parts and accessories,40151731,Pump rotor,pumping,2.4
40000000,Distribution and Conditioning Systems and Equipment and Components,40150000,Industrial pumps and compressors,40151700,Pump parts and accessories,40151732,Pump shaft,pumping,2.4
40000000,Distribution and Conditioning Systems and Equipment and Components,40150000,Industrial pumps and compressors,40151700,Pump parts and accessories,40151733,Pump soleplate,pumping,2.4
40000000,Distribution and Conditioning Systems and Equipment and Components,40150000,Industrial pumps and compressors,40151700,Pump parts and accessories,40151734,Pump baseplate,pumping,2.4
40000000,Distribution and Conditioning Systems and Equipment and Components,40150000,Industrial pumps and compressors,40151700,Pump parts and accessories,40151735,Pump column assembly,pumping,2.4
40000000,Distribution and Conditioning Systems and Equipment and Components,40150000,Industrial pumps and compressors,40151700,Pump parts and accessories,40151736,Pump column pipe,pumping,2.4
40000000,Distribution and Conditioning Systems and Equipment and Components,40150000,Industrial pumps and compressors,40151700,Pump parts and accessories,40151737,Pump bowl assembly,pumping,2.4
40000000,Distribution and Conditioning Systems and Equipment and Components,40150000,Industrial pumps and compressors,40151700,Pump parts and accessories,40151738,Pump suction bell,pumping,2.4
40000000,Distribution and Conditioning Systems and Equipment and Components,40150000,Industrial pumps and compressors,40151700,Pump parts and accessories,40151739,Reciprocating pump parts,pumping;cip_cleaning,2.4
40000000,Distribution and Conditioning Systems and Equipment and Components,40150000,Industrial pumps and compressors,40151800,Compressor parts or accessories,40151801,Rotary compressor parts,gas_compression,2.4
40000000,Distribution and Conditioning Systems and Equipment and Components,40150000,Industrial pumps and compressors,40151800,Compressor parts or accessories,40151802,Air compressor parts,gas_compression,2.4
40000000,Distribution and Conditioning Systems and Equipment and Components,40150000,Industrial pumps and compressors,40151800,Compressor parts or accessories,40151803,Reciprocating compressor parts,gas_compression;cip_cleaning,2.4
40000000,Distribution and Conditioning Systems and Equipment and Components,40150000,Industrial pumps and compressors,40151800,Compressor parts or accessories,40151804,Centrifugal compressor parts,gas_compression,2.4
40000000,Distribution and Conditioning Systems and Equipment and Components,40160000,Industrial filtering and purification,40161500,Filters,40161501,Vacuum filters,solid_liquid_separation,2.4
40000000,Distribution and Conditioning Systems and Equipment and Components,40160000,Industrial filtering and purification,40161500,Filters,40161506,Filtering machinery,solid_liquid_separation,2.4
40000000,Distribution and Conditioning Systems and Equipment and Components,40160000,Industrial filtering and purification,40161500,Filters,40161507,Filter membranes,membrane_separation,2.4
40000000,Distribution and Conditioning Systems and Equipment and Components,40160000,Industrial filtering and purification,40161600,Purification,40161608,Air sterilizer,sterilisation,2.9
40000000,Distribution and Conditioning Systems and Equipment and Components,40160000,Industrial filtering and purification,40161600,Purification,40161609,Water purification system,water_treatment,2.4
40000000,Distribution and Conditioning Systems and Equipment and Components,40160000,Industrial filtering and purification,40161700,Separators,40161701,Centrifuges,solid_liquid_separation,2.4
41000000,Laboratory and Measuring and Observing and Testing Equipment,41100000,Laboratory and scientific equipment,41101500,Laboratory blending and dispersing and homogenizing equipment and supplies,41101504,Homogenizers,homogenisation,2.4
41000000,Laboratory and Measuring and Observing and Testing Equipment,41100000,Laboratory and scientific equipment,41101500,Laboratory blending and dispersing and homogenizing equipment and supplies,41101505,French pressure cells,process_monitoring,2.4
41000000,Laboratory and Measuring and Observing and Testing Equipment,41100000,Laboratory and scientific equipment,41101500,Laboratory blending and dispersing and homogenizing equipment and supplies,41101516,Dounce homogenizers,homogenisation,2.4
41000000,Laboratory and Measuring and Observing and Testing Equipment,41100000,Laboratory and scientific equipment,41101500,Laboratory blending and dispersing and homogenizing equipment and supplies,41101518,Laboratory blenders or emulsifiers,mixing,2.4
41000000,Laboratory and Measuring and Observing and Testing Equipment,41100000,Laboratory and scientific equipment,41101500,Laboratory blending and dispersing and homogenizing equipment and supplies,41101520,Homogenizer parts and accessories,homogenisation,2.4
41000000,Laboratory and Measuring and Observing and Testing Equipment,41100000,Laboratory and scientific equipment,41101700,Laboratory boring and grinding and cutting and crushing and pressing equipment,41101701,Laboratory mills,size_reduction,2.4
41000000,Laboratory and Measuring and Observing and Testing Equipment,41100000,Laboratory and scientific equipment,41101700,Laboratory boring and grinding and cutting and crushing and pressing equipment,41101703,Tissue grinders,size_reduction,2.4
41000000,Laboratory and Measuring and Observing and Testing Equipment,41100000,Laboratory and scientific equipment,41101700,Laboratory boring and grinding and cutting and crushing and pressing equipment,41101705,Laboratory crushers or pulverizers,size_reduction,2.4
41000000,Laboratory and Measuring and Observing and Testing Equipment,41100000,Laboratory and scientific equipment,41101700,Laboratory boring and grinding and cutting and crushing and pressing equipment,41101708,Laboratory grinder or polisher,size_reduction,2.4
41000000,Laboratory and Measuring and Observing and Testing Equipment,41100000,Laboratory and scientific equipment,41101700,Laboratory boring and grinding and cutting and crushing and pressing equipment,41101709,Laboratory asphalt and concrete mixer,mixing,2.4
41000000,Laboratory and Measuring and Observing and Testing Equipment,41100000,Laboratory and scientific equipment,41101700,Laboratory boring and grinding and cutting and crushing and pressing equipment,41101710,Laboratory grinder or pulverizer pot,size_reduction,2.4
41000000,Laboratory and Measuring and Observing and Testing Equipment,41100000,Laboratory and scientific equipment,41101800,Laboratory electron and solid state physics equipment,41101810,Diffractometers,structural_analysis,1.4
41000000,Laboratory and Measuring and Observing and Testing Equipment,41100000,Laboratory and scientific equipment,41101800,Laboratory electron and solid state physics equipment,41101811,Electron probe x ray micro analyzer,composition_analysis;process_monitoring,1.4
41000000,Laboratory and Measuring and Observing and Testing Equipment,41100000,Laboratory and scientific equipment,41101900,Laboratory ionic equipment,41101902,Ion exchange apparatus,chromatography,1.4
41000000,Laboratory and Measuring and Observing and Testing Equipment,41100000,Laboratory and scientific equipment,41102400,Laboratory heating and drying equipment,41102404,Laboratory heaters,heating,2.4
41000000,Laboratory and Measuring and Observing and Testing Equipment,41100000,Laboratory and scientific equipment,41102400,Laboratory heating and drying equipment,41102405,Heating mantles or tapes,heating,2.4
41000000,Laboratory and Measuring and Observing and Testing Equipment,41100000,Laboratory and scientific equipment,41102400,Laboratory heating and drying equipment,41102410,Infrared dryers,drying,2.4
41000000,Laboratory and Measuring and Observing and Testing Equipment,41100000,Laboratory and scientific equipment,41102400,Laboratory heating and drying equipment,41102412,Hot air blowers,gas_compression,2.4
41000000,Laboratory and Measuring and Observing and Testing Equipment,41100000,Laboratory and scientific equipment,41102400,Laboratory heating and drying equipment,41102421,Temperature cycling chambers or thermal cyclers,process_monitoring,2.4
41000000,Laboratory and Measuring and Observing and Testing Equipment,41100000,Laboratory and scientific equipment,41102400,Laboratory heating and drying equipment,41102422,Dry baths or heating blocks,heating,2.4
41000000,Laboratory and Measuring and Observing and Testing Equipment,41100000,Laboratory and scientific equipment,41102400,Laboratory heating and drying equipment,41102425,Slide dryers,drying,2.4
41000000,Laboratory and Measuring and Observing and Testing Equipment,41100000,Laboratory and scientific equipment,41102400,Laboratory heating and drying equipment,41102426,Heating or drying equipment or accessories,heating;drying,2.4
41000000,Laboratory and Measuring and Observing and Testing Equipment,41100000,Laboratory and scientific equipment,41102400,Laboratory heating and drying equipment,41102427,Drying tower,drying,2.4
41000000,Laboratory and Measuring and Observing and Testing Equipment,41100000,Laboratory and scientific equipment,41102500,Laboratory entomological equipment and accessories,41102501,Laboratory insect containers,storage,2.4
41000000,Laboratory and Measuring and Observing and Testing Equipment,41100000,Laboratory and scientific equipment,41102600,Animal laboratory equipment and accessories,41102605,Fish aeration systems,aeration,2.9
41000000,Laboratory and Measuring and Observing and Testing Equipment,41100000,Laboratory and scientific equipment,41102700,Crystallography equipment,41102705,Crystallizers,crystallisation,2.4
41000000,Laboratory and Measuring and Observing and Testing Equipment,41100000,Laboratory and scientific equipment,41102700,Crystallography equipment,41102706,Crystal growing equipment,crystallisation,2.4
41000000,Laboratory and Measuring and Observing and Testing Equipment,41100000,Laboratory and scientific equipment,41102900,Histology equipment,41102914,Ultrasonic disintegrators,homogenisation,2.4
41000000,Laboratory and Measuring and Observing and Testing Equipment,41100000,Laboratory and scientific equipment,41102900,Histology equipment,41102928,Automated microscope slide labeler,structural_analysis,1.4
41000000,Laboratory and Measuring and Observing and Testing Equipment,41100000,Laboratory and scientific equipment,41102900,Histology equipment,41102929,Histology ultrasonic cleaner,homogenisation,2.4
41000000,Laboratory and Measuring and Observing and Testing Equipment,41100000,Laboratory and scientific equipment,41103000,Laboratory cooling equipment,41103001,Refrigerated cooling plate probes,cooling;process_monitoring,2.4
41000000,Laboratory and Measuring and Observing and Testing Equipment,41100000,Laboratory and scientific equipment,41103000,Laboratory cooling equipment,41103004,Fan circulated ovens,drying,2.4
41000000,Laboratory and Measuring and Observing and Testing Equipment,41100000,Laboratory and scientific equipment,41103000,Laboratory cooling equipment,41103005,Ultra cold or ultralow upright cabinets or freezers,cooling,2.4
41000000,Laboratory and Measuring and Observing and Testing Equipment,41100000,Laboratory and scientific equipment,41103000,Laboratory cooling equipment,41103006,Cryogenic or liquid nitrogen freezers,cooling,2.4
41000000,Laboratory and Measuring and Observing and Testing Equipment,41100000,Laboratory and scientific equipment,41103000,Laboratory cooling equipment,41103008,Refrigerated cooling modules,cooling,2.4
41000000,Laboratory and Measuring and Observing and Testing Equipment,41100000,Laboratory and scientific equipment,41103000,Laboratory cooling equipment,41103010,Blood bank refrigerators,cooling,2.4
41000000,Laboratory and Measuring and Observing and Testing Equipment,41100000,Laboratory and scientific equipment,41103000,Laboratory cooling equipment,41103011,General purpose refrigerators or refrigerator freezers,cooling,2.4
41000000,Laboratory and Measuring and Observing and Testing Equipment,41100000,Laboratory and scientific equipment,41103000,Laboratory cooling equipment,41103012,Flammable material storage refrigerators or refrigerator freezers,cooling,2.4
41000000,Laboratory and Measuring and Observing and Testing Equipment,41100000,Laboratory and scientific equipment,41103000,Laboratory cooling equipment,41103013,Explosion proof refrigerators or refrigerator freezers,cooling,2.4
41000000,Laboratory and Measuring and Observing and Testing Equipment,41100000,Laboratory and scientific equipment,41103000,Laboratory cooling equipment,41103014,Chromatography refrigerators,cooling;chromatography,1.4
41000000,Laboratory and Measuring and Observing and Testing Equipment,41100000,Laboratory and scientific equipment,41103000,Laboratory cooling equipment,41103015,Blood bank freezers,cooling,2.4
41000000,Laboratory and Measuring and Observing and Testing Equipment,41100000,Laboratory and scientific equipment,41103000,Laboratory cooling equipment,41103017,Flammable material storage freezers,cooling,2.4
41000000,Laboratory and Measuring and Observing and Testing Equipment,41100000,Laboratory and scientific equipment,41103000,Laboratory cooling equipment,41103019,Plasma storage freezers,cooling,2.4
41000000,Laboratory and Measuring and Observing and Testing Equipment,41100000,Laboratory and scientific equipment,41103000,Laboratory cooling equipment,41103020,Ultra cold or ultralow chest freezers,cooling,2.4
41000000,Laboratory and Measuring and Observing and Testing Equipment,41100000,Laboratory and scientific equipment,41103000,Laboratory cooling equipment,41103021,Laboratory plate freezers,cooling,2.4
41000000,Laboratory and Measuring and Observing and Testing Equipment,41100000,Laboratory and scientific equipment,41103000,Laboratory cooling equipment,41103023,Laboratory chillers,cooling,2.4
41000000,Laboratory and Measuring and Observing and Testing Equipment,41100000,Laboratory and scientific equipment,41103000,Laboratory cooling equipment,41103025,Laboratory cooling equipment accessories,cooling,2.4
41000000,Laboratory and Measuring and Observing and Testing Equipment,41100000,Laboratory and scientific equipment,41103000,Laboratory cooling equipment,41103026,Benchtop ice bucket or chilling container,storage,2.4
41000000,Laboratory and Measuring and Observing and Testing Equipment,41100000,Laboratory and scientific equipment,41103000,Laboratory cooling equipment,41103030,Cryogenic storage bag or overwrap,packaging,2.4
41000000,Laboratory and Measuring and Observing and Testing Equipment,41100000,Laboratory and scientific equipment,41103000,Laboratory cooling equipment,41103034,Cryobead system for microbial organism cryogenic storage,structural_analysis;microbial_analysis,1.4
41000000,Laboratory and Measuring and Observing and Testing Equipment,41100000,Laboratory and scientific equipment,41103000,Laboratory cooling equipment,41103036,Refrigerated specimen storage rack or tray,cooling,2.4
41000000,Laboratory and Measuring and Observing and Testing Equipment,41100000,Laboratory and scientific equipment,41103000,Laboratory cooling equipment,41103037,Polymerase chain reaction PCR tube strip and plate cooler,microbial_analysis,1.6
41000000,Laboratory and Measuring and Observing and Testing Equipment,41100000,Laboratory and scientific equipment,41103200,Laboratory washing and cleaning equipment,41103210,Laboratory ultraviolet UV sterilizers,sterilisation;water_treatment,2.9
41000000,Laboratory and Measuring and Observing and Testing Equipment,41100000,Laboratory and scientific equipment,41103200,Laboratory washing and cleaning equipment,41103211,Laboratory wastewater treatment equipment,water_treatment;waste_treatment,2.4
41000000,Laboratory and Measuring and Observing and Testing Equipment,41100000,Laboratory and scientific equipment,41103300,Fluid mechanics equipment,41103310,Gas or vapour concentration measuring instruments,evaporation,2.4
41000000,Laboratory and Measuring and Observing and Testing Equipment,41100000,Laboratory and scientific equipment,41103300,Fluid mechanics equipment,41103319,Concentration measurement instrument,evaporation,2.4
41000000,Laboratory and Measuring and Observing and Testing Equipment,41100000,Laboratory and scientific equipment,41103300,Fluid mechanics equipment,41103322,Draft gauge,process_monitoring,2.4
41000000,Laboratory and Measuring and Observing and Testing Equipment,41100000,Laboratory and scientific equipment,41103400,Laboratory environmental conditioning equipment,41103401,Contamination control screens,sieving,2.4
41000000,Laboratory and Measuring and Observing and Testing Equipment,41100000,Laboratory and scientific equipment,41103400,Laboratory environmental conditioning equipment,41103408,Refrigerated reach in environmental or growth chambers,cooling,2.4
41000000,Laboratory and Measuring and Observing and Testing Equipment,41100000,Laboratory and scientific equipment,41103400,Laboratory environmental conditioning equipment,41103410,Refrigerated and heated reach in environmental or growth chambers,cooling,2.4
41000000,Laboratory and Measuring and Observing and Testing Equipment,41100000,Laboratory and scientific equipment,41103400,Laboratory environmental conditioning equipment,41103411,Refrigerated walk in environmental or growth chambers,cooling,2.4
41000000,Laboratory and Measuring and Observing and Testing Equipment,41100000,Laboratory and scientific equipment,41103400,Laboratory environmental conditioning equipment,41103413,Refrigerated and heated walk in environmental or growth chambers,cooling,2.4
41000000,Laboratory and Measuring and Observing and Testing Equipment,41100000,Laboratory and scientific equipment,41103400,Laboratory environmental conditioning equipment,41103416,Temperature cycle chamber,process_monitoring,2.4
41000000,Laboratory and Measuring and Observing and Testing Equipment,41100000,Laboratory and scientific equipment,41103400,Laboratory environmental conditioning equipment,41103417,Indoor air quality monitor,process_monitoring,2.4
41000000,Laboratory and Measuring and Observing and Testing Equipment,41100000,Laboratory and scientific equipment,41103400,Laboratory environmental conditioning equipment,41103418,Temperature and humidity walk in environmental chamber,process_monitoring,2.4
41000000,Laboratory and Measuring and Observing and Testing Equipment,41100000,Laboratory and scientific equipment,41103500,Laboratory enclosures and accessories,41103506,PCR enclosures,microbial_analysis,1.6
41000000,Laboratory and Measuring and Observing and Testing Equipment,41100000,Laboratory and scientific equipment,41103500,Laboratory enclosures and accessories,41103510,Laboratory blowers,gas_compression,2.4
41000000,Laboratory and Measuring and Observing and Testing Equipment,41100000,Laboratory and scientific equipment,41103500,Laboratory enclosures and accessories,41103514,Laboratory steam generator,heating,2.4
41000000,Laboratory and Measuring and Observing and Testing Equipment,41100000,Laboratory and scientific equipment,41103700,Laboratory baths,41103709,Refrigerated baths,cooling,2.4
41000000,Laboratory and Measuring and Observing and Testing Equipment,41100000,Laboratory and scientific equipment,41103700,Laboratory baths,41103711,Reciprocating shaking water baths,cip_cleaning,2.4
41000000,Laboratory and Measuring and Observing and Testing Equipment,41100000,Laboratory and scientific equipment,41103700,Laboratory baths,41103713,Viscosity baths,rheology_measurement,2.4
41000000,Laboratory and Measuring and Observing and Testing Equipment,41100000,Laboratory and scientific equipment,41103800,Laboratory mixing and stirring and shaking equipment and supplies,41103801,Laboratory mixers,mixing,2.4
41000000,Laboratory and Measuring and Observing and Testing Equipment,41100000,Laboratory and scientific equipment,41103800,Laboratory mixing and stirring and shaking equipment and supplies,41103802,Roller mixers,mixing,2.4
41000000,Laboratory and Measuring and Observing and Testing Equipment,41100000,Laboratory and scientific equipment,41103800,Laboratory mixing and stirring and shaking equipment and supplies,41103806,Magnetic stirrers,mixing,2.4
41000000,Laboratory and Measuring and Observing and Testing Equipment,41100000,Laboratory and scientific equipment,41103800,Laboratory mixing and stirring and shaking equipment and supplies,41103807,Laboratory touch mixers,mixing,2.4
41000000,Laboratory and Measuring and Observing and Testing Equipment,41100000,Laboratory and scientific equipment,41103800,Laboratory mixing and stirring and shaking equipment and supplies,41103808,Platelet mixers,mixing,2.4
41000000,Laboratory and Measuring and Observing and Testing Equipment,41100000,Laboratory and scientific equipment,41103800,Laboratory mixing and stirring and shaking equipment and supplies,41103809,Hematology or chemistry mixers,mixing,2.4
41000000,Laboratory and Measuring and Observing and Testing Equipment,41100000,Laboratory and scientific equipment,41103800,Laboratory mixing and stirring and shaking equipment and supplies,41103810,Overhead stirrers,mixing,2.4
41000000,Laboratory and Measuring and Observing and Testing Equipment,41100000,Laboratory and scientific equipment,41103800,Laboratory mixing and stirring and shaking equipment and supplies,41103812,Reciprocal shakers,cip_cleaning,2.4
41000000,Laboratory and Measuring and Observing and Testing Equipment,41100000,Laboratory and scientific equipment,41103800,Laboratory mixing and stirring and shaking equipment and supplies,41103814,Vortex mixers,mixing,2.4
41000000,Laboratory and Measuring and Observing and Testing Equipment,41100000,Laboratory and scientific equipment,41103800,Laboratory mixing and stirring and shaking equipment and supplies,41103816,Mixer or shaker accessories or attachments,mixing,2.4
41000000,Laboratory and Measuring and Observing and Testing Equipment,41100000,Laboratory and scientific equipment,41103800,Laboratory mixing and stirring and shaking equipment and supplies,41103817,Laboratory reactor,chemical_reaction,2.4
41000000,Laboratory and Measuring and Observing and Testing Equipment,41100000,Laboratory and scientific equipment,41103900,Laboratory centrifuges and accessories,41103901,Microcentrifuges,solid_liquid_separation,2.4
41000000,Laboratory and Measuring and Observing and Testing Equipment,41100000,Laboratory and scientific equipment,41103900,Laboratory centrifuges and accessories,41103902,Refrigerated microcentrifuges,solid_liquid_separation;cooling,2.4
41000000,Laboratory and Measuring and Observing and Testing Equipment,41100000,Laboratory and scientific equipment,41103900,Laboratory centrifuges and accessories,41103903,Benchtop centrifuges,solid_liquid_separation,2.4
41000000,Laboratory and Measuring and Observing and Testing Equipment,41100000,Laboratory and scientific equipment,41103900,Laboratory centrifuges and accessories,41103904,Refrigerated benchtop centrifuges,solid_liquid_separation;cooling,2.4
41000000,Laboratory and Measuring and Observing and Testing Equipment,41100000,Laboratory and scientific equipment,41103900,Laboratory centrifuges and accessories,41103905,Floor centrifuges,solid_liquid_separation,2.4
41000000,Laboratory and Measuring and Observing and Testing Equipment,41100000,Laboratory and scientific equipment,41103900,Laboratory centrifuges and accessories,41103906,Refrigerated floor centrifuges,solid_liquid_separation;cooling,2.4
41000000,Laboratory and Measuring and Observing and Testing Equipment,41100000,Laboratory and scientific equipment,41103900,Laboratory centrifuges and accessories,41103907,Ultracentrifuges,solid_liquid_separation,2.4
41000000,Laboratory and Measuring and Observing and Testing Equipment,41100000,Laboratory and scientific equipment,41103900,Laboratory centrifuges and accessories,41103908,Vacuum centrifuges,solid_liquid_separation,2.4
41000000,Laboratory and Measuring and Observing and Testing Equipment,41100000,Laboratory and scientific equipment,41103900,Laboratory centrifuges and accessories,41103909,Centrifuge rotors,solid_liquid_separation,2.4
41000000,Laboratory and Measuring and Observing and Testing Equipment,41100000,Laboratory and scientific equipment,41103900,Laboratory centrifuges and accessories,41103910,Centrifuge buckets,solid_liquid_separation,2.4
41000000,Laboratory and Measuring and Observing and Testing Equipment,41100000,Laboratory and scientific equipment,41103900,Laboratory centrifuges and accessories,41103911,Centrifuge adapters,solid_liquid_separation,2.4
41000000,Laboratory and Measuring and Observing and Testing Equipment,41100000,Laboratory and scientific equipment,41103900,Laboratory centrifuges and accessories,41103912,Centrifuge brushes,solid_liquid_separation,2.4
41000000,Laboratory and Measuring and Observing and Testing Equipment,41100000,Laboratory and scientific equipment,41103900,Laboratory centrifuges and accessories,41103913,Laboratory centrifuge accessories,solid_liquid_separation,2.4
41000000,Laboratory and Measuring and Observing and Testing Equipment,41100000,Laboratory and scientific equipment,41103900,Laboratory centrifuges and accessories,41103914,Cytocentrifuge,solid_liquid_separation,2.4
41000000,Laboratory and Measuring and Observing and Testing Equipment,41100000,Laboratory and scientific equipment,41103900,Laboratory centrifuges and accessories,41103915,Cytocentrifuge cytofunnel or filter card or clamp,solid_liquid_separation,2.4
41000000,Laboratory and Measuring and Observing and Testing Equipment,41100000,Laboratory and scientific equipment,41103900,Laboratory centrifuges and accessories,41103916,Centrifuge control board or printed circuit board,solid_liquid_separation,2.4
41000000,Laboratory and Measuring and Observing and Testing Equipment,41100000,Laboratory and scientific equipment,41103900,Laboratory centrifuges and accessories,41103917,Centrifuge microplate carrier or sealing lid,solid_liquid_separation;packaging,2.4
41000000,Laboratory and Measuring and Observing and Testing Equipment,41100000,Laboratory and scientific equipment,41104000,Sampling equipment,41104009,Air sampling pumps,pumping,2.4
41000000,Laboratory and Measuring and Observing and Testing Equipment,41100000,Laboratory and scientific equipment,41104000,Sampling equipment,41104018,Solid phase extraction preparations,extraction,2.4
41000000,Laboratory and Measuring and Observing and Testing Equipment,41100000,Laboratory and scientific equipment,41104100,Specimen collection and transport containers and supplies,41104107,Vacuum blood collection tubes or containers,storage,2.4
41000000,Laboratory and Measuring and Observing and Testing Equipment,41100000,Laboratory and scientific equipment,41104100,Specimen collection and transport containers and supplies,41104108,Non vacuum blood collection tubes or containers,storage,2.4
41000000,Laboratory and Measuring and Observing and Testing Equipment,41100000,Laboratory and scientific equipment,41104100,Specimen collection and transport containers and supplies,41104111,Cytology collection kits or containers,storage,2.4
41000000,Laboratory and Measuring and Observing and Testing Equipment,41100000,Laboratory and scientific equipment,41104100,Specimen collection and transport containers and supplies,41104112,Urine collection containers,storage,2.4
41000000,Laboratory and Measuring and Observing and Testing Equipment,41100000,Laboratory and scientific equipment,41104100,Specimen collection and transport containers and supplies,41104114,Frepp Sepp collection containers,storage,2.4
41000000,Laboratory and Measuring and Observing and Testing Equipment,41100000,Laboratory and scientific equipment,41104100,Specimen collection and transport containers and supplies,41104115,Serum Filter collection containers,storage,2.4
41000000,Laboratory and Measuring and Observing and Testing Equipment,41100000,Laboratory and scientific equipment,41104100,Specimen collection and transport containers and supplies,41104116,Swab collection or transport containers,storage,2.4
41000000,Laboratory and Measuring and Observing and Testing Equipment,41100000,Laboratory and scientific equipment,41104100,Specimen collection and transport containers and supplies,41104118,Specimen collection container,storage,2.4
41000000,Laboratory and Measuring and Observing and Testing Equipment,41100000,Laboratory and scientific equipment,41104100,Specimen collection and transport containers and supplies,41104119,Bone tissue collection containers,storage,2.4
41000000,Laboratory and Measuring and Observing and Testing Equipment,41100000,Laboratory and scientific equipment,41104100,Specimen collection and transport containers and supplies,41104121,Stool collection containers with media,storage,2.4
41000000,Laboratory and Measuring and Observing and Testing Equipment,41100000,Laboratory and scientific equipment,41104100,Specimen collection and transport containers and supplies,41104122,Stool collection containers without media,storage,2.4
41000000,Laboratory and Measuring and Observing and Testing Equipment,41100000,Laboratory and scientific equipment,41104100,Specimen collection and transport containers and supplies,41104123,Sputum collection apparatus or containers,storage,2.4
41000000,Laboratory and Measuring and Observing and Testing Equipment,41100000,Laboratory and scientific equipment,41104100,Specimen collection and transport containers and supplies,41104125,Histology or pathology preservative specimen container,storage,2.4
41000000,Laboratory and Measuring and Observing and Testing Equipment,41100000,Laboratory and scientific equipment,41104100,Specimen collection and transport containers and supplies,41104126,Histology or pathology specimen container,storage,2.4
41000000,Laboratory and Measuring and Observing and Testing Equipment,41100000,Laboratory and scientific equipment,41104100,Specimen collection and transport containers and supplies,41104129,Neonatal metabolic disorder screen collection card,sieving,2.4
41000000,Laboratory and Measuring and Observing and Testing Equipment,41100000,Laboratory and scientific equipment,41104200,Laboratory water purification equipment and supplies,41104201,Water purification reagents,water_treatment,2.4
41000000,Laboratory and Measuring and Observing and Testing Equipment,41100000,Laboratory and scientific equipment,41104200,Laboratory water purification equipment and supplies,41104202,Deionization or demineralization equipment,water_treatment,2.4
41000000,Laboratory and Measuring and Observing and Testing Equipment,41100000,Laboratory and scientific equipment,41104200,Laboratory water purification equipment and supplies,41104204,Reverse osmosis equipment,membrane_separation,2.4
41000000,Laboratory and Measuring and Observing and Testing Equipment,41100000,Laboratory and scientific equipment,41104200,Laboratory water purification equipment and supplies,41104205,Ultra violet water purification units,water_treatment,2.4
41000000,Laboratory and Measuring and Observing and Testing Equipment,41100000,Laboratory and scientific equipment,41104200,Laboratory water purification equipment and supplies,41104208,Dehydrators,drying,2.4
41000000,Laboratory and Measuring and Observing and Testing Equipment,41100000,Laboratory and scientific equipment,41104200,Laboratory water purification equipment and supplies,41104213,Distilled or deionized water,distillation;water_treatment,2.4
41000000,Laboratory and Measuring and Observing and Testing Equipment,41100000,Laboratory and scientific equipment,41104200,Laboratory water purification equipment and supplies,41104214,Reverse osmosis equipment parts and accessories,membrane_separation,2.4
41000000,Laboratory and Measuring and Observing and Testing Equipment,41100000,Laboratory and scientific equipment,41104300,Fermentation equipment,41104301,Standard fermentation units,fermentation,2.9
41000000,Laboratory and Measuring and Observing and Testing Equipment,41100000,Laboratory and scientific equipment,41104300,Fermentation equipment,41104307,Microbiology fermentation equipment,fermentation,2.9
41000000,Laboratory and Measuring and Observing and Testing Equipment,41100000,Laboratory and scientific equipment,41104400,Laboratory incubating equipment,41104401,Gravity convection general purpose incubators,cell_culture,1.6
41000000,Laboratory and Measuring and Observing and Testing Equipment,41100000,Laboratory and scientific equipment,41104400,Laboratory incubating equipment,41104402,Forced air or mechanical convection general purpose incubators,cell_culture,1.6
41000000,Laboratory and Measuring and Observing and Testing Equipment,41100000,Laboratory and scientific equipment,41104400,Laboratory incubating equipment,41104403,Tissue culture incubators,cell_culture,1.6
41000000,Laboratory and Measuring and Observing and Testing Equipment,41100000,Laboratory and scientific equipment,41104400,Laboratory incubating equipment,41104404,Cooled biological oxygen demand BOD incubators,cell_culture,1.6
41000000,Laboratory and Measuring and Observing and Testing Equipment,41100000,Laboratory and scientific equipment,41104400,Laboratory incubating equipment,41104405,Shaking incubators,cell_culture,1.6
41000000,Laboratory and Measuring and Observing and Testing Equipment,41100000,Laboratory and scientific equipment,41104400,Laboratory incubating equipment,41104406,Plate incubators,cell_culture,1.6
41000000,Laboratory and Measuring and Observing and Testing Equipment,41100000,Laboratory and scientific equipment,41104400,Laboratory incubating equipment,41104407,Water jacketed single chamber carbon dioxide incubators,heating;cell_culture,1.6
41000000,Laboratory and Measuring and Observing and Testing Equipment,41100000,Laboratory and scientific equipment,41104400,Laboratory incubating equipment,41104408,Water jacketed dual chamber carbon dioxide incubators,heating;cell_culture,1.6
41000000,Laboratory and Measuring and Observing and Testing Equipment,41100000,Laboratory and scientific equipment,41104400,Laboratory incubating equipment,41104409,Water jacketed single chamber carbon dioxide incubators with humidity control,heating;cell_culture,1.6
41000000,Laboratory and Measuring and Observing and Testing Equipment,41100000,Laboratory and scientific equipment,41104400,Laboratory incubating equipment,41104410,Water jacketed dual chamber carbon dioxide incubators with humidity control,heating;cell_culture,1.6
41000000,Laboratory and Measuring and Observing and Testing Equipment,41100000,Laboratory and scientific equipment,41104400,Laboratory incubating equipment,41104411,Dry wall single chamber carbon dioxide incubators,cell_culture,1.6
41000000,Laboratory and Measuring and Observing and Testing Equipment,41100000,Laboratory and scientific equipment,41104400,Laboratory incubating equipment,41104412,Dry wall dual chamber carbon dioxide incubators,cell_culture,1.6
41000000,Laboratory and Measuring and Observing and Testing Equipment,41100000,Laboratory and scientific equipment,41104400,Laboratory incubating equipment,41104413,Dry wall single chamber carbon dioxide incubators with humidity control,cell_culture,1.6
41000000,Laboratory and Measuring and Observing and Testing Equipment,41100000,Laboratory and scientific equipment,41104400,Laboratory incubating equipment,41104414,Dry wall dual chamber carbon dioxide incubators with humidity control,cell_culture,1.6
41000000,Laboratory and Measuring and Observing and Testing Equipment,41100000,Laboratory and scientific equipment,41104400,Laboratory incubating equipment,41104415,Water jacketed single chamber three gas incubators,heating;cell_culture,1.6
41000000,Laboratory and Measuring and Observing and Testing Equipment,41100000,Laboratory and scientific equipment,41104400,Laboratory incubating equipment,41104416,Water jacketed dual chamber three gas incubators,heating;cell_culture,1.6
41000000,Laboratory and Measuring and Observing and Testing Equipment,41100000,Laboratory and scientific equipment,41104400,Laboratory incubating equipment,41104417,Water jacketed single chamber three gas incubators with humidity control,heating;cell_culture,1.6
41000000,Laboratory and Measuring and Observing and Testing Equipment,41100000,Laboratory and scientific equipment,41104400,Laboratory incubating equipment,41104418,Water jacketed dual chamber three gas incubators with humidity control,heating;cell_culture,1.6
41000000,Laboratory and Measuring and Observing and Testing Equipment,41100000,Laboratory and scientific equipment,41104400,Laboratory incubating equipment,41104419,Dry wall single chamber three gas incubators,cell_culture,1.6
41000000,Laboratory and Measuring and Observing and Testing Equipment,41100000,Laboratory and scientific equipment,41104400,Laboratory incubating equipment,41104420,Dry wall dual chamber three gas incubators,cell_culture,1.6
41000000,Laboratory and Measuring and Observing and Testing Equipment,41100000,Laboratory and scientific equipment,41104400,Laboratory incubating equipment,41104421,Dry wall single chamber three gas incubators with humidity control,cell_culture,1.6
41000000,Laboratory and Measuring and Observing and Testing Equipment,41100000,Laboratory and scientific equipment,41104400,Laboratory incubating equipment,41104422,Dry wall dual chamber three gas incubators with humidity control,cell_culture,1.6
41000000,Laboratory and Measuring and Observing and Testing Equipment,41100000,Laboratory and scientific equipment,41104400,Laboratory incubating equipment,41104423,Refrigerated incubators,cooling;cell_culture,1.6
41000000,Laboratory and Measuring and Observing and Testing Equipment,41100000,Laboratory and scientific equipment,41104400,Laboratory incubating equipment,41104424,Incubator accessories,cell_culture,1.6
41000000,Laboratory and Measuring and Observing and Testing Equipment,41100000,Laboratory and scientific equipment,41104400,Laboratory incubating equipment,41104425,Carbon dioxide incubator,cell_culture,1.6
41000000,Laboratory and Measuring and Observing and Testing Equipment,41100000,Laboratory and scientific equipment,41104400,Laboratory incubating equipment,41104427,Platelet incubator,cell_culture,1.6
41000000,Laboratory and Measuring and Observing and Testing Equipment,41100000,Laboratory and scientific equipment,41104500,Laboratory ovens and accessories,41104501,Laboratory mechanical convection ovens,drying,2.4
41000000,Laboratory and Measuring and Observing and Testing Equipment,41100000,Laboratory and scientific equipment,41104500,Laboratory ovens and accessories,41104502,Gravity convection ovens,drying,2.4
41000000,Laboratory and Measuring and Observing and Testing Equipment,41100000,Laboratory and scientific equipment,41104500,Laboratory ovens and accessories,41104503,Ageing ovens,drying,2.4
41000000,Laboratory and Measuring and Observing and Testing Equipment,41100000,Laboratory and scientific equipment,41104500,Laboratory ovens and accessories,41104504,Cleanroom ovens,drying,2.4
41000000,Laboratory and Measuring and Observing and Testing Equipment,41100000,Laboratory and scientific equipment,41104500,Laboratory ovens and accessories,41104505,Laboratory quartz oven pots,drying,2.4
41000000,Laboratory and Measuring and Observing and Testing Equipment,41100000,Laboratory and scientific equipment,41104500,Laboratory ovens and accessories,41104506,Laboratory safety ovens,drying,2.4
41000000,Laboratory and Measuring and Observing and Testing Equipment,41100000,Laboratory and scientific equipment,41104500,Laboratory ovens and accessories,41104507,Laboratory microwave ovens,drying,2.4
41000000,Laboratory and Measuring and Observing and Testing Equipment,41100000,Laboratory and scientific equipment,41104500,Laboratory ovens and accessories,41104508,Induction dryers,drying,2.4
41000000,Laboratory and Measuring and Observing and Testing Equipment,41100000,Laboratory and scientific equipment,41104500,Laboratory ovens and accessories,41104509,Vacuum ovens,drying,2.4
41000000,Laboratory and Measuring and Observing and Testing Equipment,41100000,Laboratory and scientific equipment,41104500,Laboratory ovens and accessories,41104510,Drying cabinets or ovens,drying,2.4
41000000,Laboratory and Measuring and Observing and Testing Equipment,41100000,Laboratory and scientific equipment,41104500,Laboratory ovens and accessories,41104511,Hybridization ovens or incubators,drying;cell_culture,1.6
41000000,Laboratory and Measuring and Observing and Testing Equipment,41100000,Laboratory and scientific equipment,41104500,Laboratory ovens and accessories,41104512,Laboratory oven accessories,drying,2.4
41000000,Laboratory and Measuring and Observing and Testing Equipment,41100000,Laboratory and scientific equipment,41104500,Laboratory ovens and accessories,41104513,Magnesium melt oven,drying,2.4
41000000,Laboratory and Measuring and Observing and Testing Equipment,41100000,Laboratory and scientific equipment,41104700,Laboratory freeze dryers and lyopholizers and accessories,41104701,Freeze dryers or lyopholizers,drying;freeze_drying,2.9
41000000,Laboratory and Measuring and Observing and Testing Equipment,41100000,Laboratory and scientific equipment,41104700,Laboratory freeze dryers and lyopholizers and accessories,41104702,Freeze dryer glassware,drying;freeze_drying,2.9
41000000,Laboratory and Measuring and Observing and Testing Equipment,41100000,Laboratory and scientific equipment,41104700,Laboratory freeze dryers and lyopholizers and accessories,41104703,Tray dryers,drying,2.4
41000000,Laboratory and Measuring and Observing and Testing Equipment,41100000,Laboratory and scientific equipment,41104700,Laboratory freeze dryers and lyopholizers and accessories,41104704,Freeze dryer or lyopholizer accessories,drying;freeze_drying,2.9
41000000,Laboratory and Measuring and Observing and Testing Equipment,41100000,Laboratory and scientific equipment,41104800,Laboratory decanting and distilling and evaporating and extracting equipment and supplies,41104802,Bi distillation units,distillation,2.4
41000000,Laboratory and Measuring and Observing and Testing Equipment,41100000,Laboratory and scientific equipment,41104800,Laboratory decanting and distilling and evaporating and extracting equipment and supplies,41104803,Laboratory evaporators,evaporation,2.4
41000000,Laboratory and Measuring and Observing and Testing Equipment,41100000,Laboratory and scientific equipment,41104800,Laboratory decanting and distilling and evaporating and extracting equipment and supplies,41104804,Vacuum or rotary evaporators,evaporation,2.4
41000000,Laboratory and Measuring and Observing and Testing Equipment,41100000,Laboratory and scientific equipment,41104800,Laboratory decanting and distilling and evaporating and extracting equipment and supplies,41104805,Nitrogen blowdown evaporators,evaporation,2.4
41000000,Laboratory and Measuring and Observing and Testing Equipment,41100000,Laboratory and scientific equipment,41104800,Laboratory decanting and distilling and evaporating and extracting equipment and supplies,41104807,Fat extractors,extraction,2.4
41000000,Laboratory and Measuring and Observing and Testing Equipment,41100000,Laboratory and scientific equipment,41104800,Laboratory decanting and distilling and evaporating and extracting equipment and supplies,41104808,Crude fiber extractors,extraction,2.4
41000000,Laboratory and Measuring and Observing and Testing Equipment,41100000,Laboratory and scientific equipment,41104800,Laboratory decanting and distilling and evaporating and extracting equipment and supplies,41104812,Distillation pipings or columns or fittings,distillation,2.4
41000000,Laboratory and Measuring and Observing and Testing Equipment,41100000,Laboratory and scientific equipment,41104800,Laboratory decanting and distilling and evaporating and extracting equipment and supplies,41104816,Vacuum or centrifugal concentrators,evaporation,2.4
41000000,Laboratory and Measuring and Observing and Testing Equipment,41100000,Laboratory and scientific equipment,41104800,Laboratory decanting and distilling and evaporating and extracting equipment and supplies,41104817,Extraction thimbles,extraction,2.4
41000000,Laboratory and Measuring and Observing and Testing Equipment,41100000,Laboratory and scientific equipment,41104800,Laboratory decanting and distilling and evaporating and extracting equipment and supplies,41104820,Laboratory fractional distillation apparatus,distillation,2.4
41000000,Laboratory and Measuring and Observing and Testing Equipment,41100000,Laboratory and scientific equipment,41104800,Laboratory decanting and distilling and evaporating and extracting equipment and supplies,41104821,Static sample concentrator,evaporation,2.4
41000000,Laboratory and Measuring and Observing and Testing Equipment,41100000,Laboratory and scientific equipment,41104900,Laboratory filtering equipment and supplies,41104902,Gel filtration equipment,chromatography,1.4
41000000,Laboratory and Measuring and Observing and Testing Equipment,41100000,Laboratory and scientific equipment,41104900,Laboratory filtering equipment and supplies,41104906,Reverse osmosis filtration equipment,membrane_separation,2.4
41000000,Laboratory and Measuring and Observing and Testing Equipment,41100000,Laboratory and scientific equipment,41104900,Laboratory filtering equipment and supplies,41104910,Laboratory multi sheet or press filters,solid_liquid_separation,2.4
41000000,Laboratory and Measuring and Observing and Testing Equipment,41100000,Laboratory and scientific equipment,41104900,Laboratory filtering equipment and supplies,41104912,Fluid presses filter,solid_liquid_separation,2.4
41000000,Laboratory and Measuring and Observing and Testing Equipment,41100000,Laboratory and scientific equipment,41104900,Laboratory filtering equipment and supplies,41104921,Laboratory membrane filters,membrane_separation,2.4
41000000,Laboratory and Measuring and Observing and Testing Equipment,41100000,Laboratory and scientific equipment,41104900,Laboratory filtering equipment and supplies,41104927,Filter support screens,sieving,2.4
41000000,Laboratory and Measuring and Observing and Testing Equipment,41100000,Laboratory and scientific equipment,41104900,Laboratory filtering equipment and supplies,41104930,Molecular sieve,sieving,2.4
41000000,Laboratory and Measuring and Observing and Testing Equipment,41100000,Laboratory and scientific equipment,41104900,Laboratory filtering equipment and supplies,41104931,Serum separator tube filter,solid_liquid_separation,2.4
41000000,Laboratory and Measuring and Observing and Testing Equipment,41100000,Laboratory and scientific equipment,41105000,Laboratory sieves and sifting equipment and supplies,41105001,Laboratory separators,solid_liquid_separation,2.4
41000000,Laboratory and Measuring and Observing and Testing Equipment,41100000,Laboratory and scientific equipment,41105000,Laboratory sieves and sifting equipment and supplies,41105003,Test sieves,sieving,2.4
41000000,Laboratory and Measuring and Observing and Testing Equipment,41100000,Laboratory and scientific equipment,41105100,Laboratory pumps and tubing,41105101,Laboratory vacuum pumps,pumping;gas_compression,2.4
41000000,Laboratory and Measuring and Observing and Testing Equipment,41100000,Laboratory and scientific equipment,41105100,Laboratory pumps and tubing,41105102,Peristaltic pumps,pumping,2.4
41000000,Laboratory and Measuring and Observing and Testing Equipment,41100000,Laboratory and scientific equipment,41105100,Laboratory pumps and tubing,41105103,Laboratory centrifugal pumps,pumping,2.4
41000000,Laboratory and Measuring and Observing and Testing Equipment,41100000,Laboratory and scientific equipment,41105100,Laboratory pumps and tubing,41105104,Syringe pumps,pumping,2.4
41000000,Laboratory and Measuring and Observing and Testing Equipment,41100000,Laboratory and scientific equipment,41105100,Laboratory pumps and tubing,41105105,Metering pumps,pumping,2.4
41000000,Laboratory and Measuring and Observing and Testing Equipment,41100000,Laboratory and scientific equipment,41105100,Laboratory pumps and tubing,41105106,Chromatography pumps,pumping;chromatography,1.4
41000000,Laboratory and Measuring and Observing and Testing Equipment,41100000,Laboratory and scientific equipment,41105100,Laboratory pumps and tubing,41105107,Laboratory drum pumps,pumping,2.4
41000000,Laboratory and Measuring and Observing and Testing Equipment,41100000,Laboratory and scientific equipment,41105100,Laboratory pumps and tubing,41105109,Rotary vane pumps,pumping,2.4
41000000,Laboratory and Measuring and Observing and Testing Equipment,41100000,Laboratory and scientific equipment,41105300,Laboratory electrophoresis and blotting system and supplies,41105302,Gel dryers,drying,2.4
41000000,Laboratory and Measuring and Observing and Testing Equipment,41100000,Laboratory and scientific equipment,41105300,Laboratory electrophoresis and blotting system and supplies,41105303,Electrophoresis system power supplies,structural_analysis,1.4
41000000,Laboratory and Measuring and Observing and Testing Equipment,41100000,Laboratory and scientific equipment,41105300,Laboratory electrophoresis and blotting system and supplies,41105305,Electrophoresis system accessories,structural_analysis,1.4
41000000,Laboratory and Measuring and Observing and Testing Equipment,41100000,Laboratory and scientific equipment,41105300,Laboratory electrophoresis and blotting system and supplies,41105324,Deoxyribonucleic acid DNA or ribonucleic acid RNA probes,process_monitoring,2.4
41000000,Laboratory and Measuring and Observing and Testing Equipment,41100000,Laboratory and scientific equipment,41105300,Laboratory electrophoresis and blotting system and supplies,41105339,Blotting membranes,membrane_separation,2.4
41000000,Laboratory and Measuring and Observing and Testing Equipment,41100000,Laboratory and scientific equipment,41105500,Nucleic acid DNA and RNA extraction and purification and quantitation kits and components,41105501,Deoxyribonucleic acid DNA cleanup or gel extraction kits,extraction,2.4
41000000,Laboratory and Measuring and Observing and Testing Equipment,41100000,Laboratory and scientific equipment,41105500,Nucleic acid DNA and RNA extraction and purification and quantitation kits and components,41105502,Kits for deoxyribonucleic acid DNA extraction from food,extraction,2.4
41000000,Laboratory and Measuring and Observing and Testing Equipment,41100000,Laboratory and scientific equipment,41105500,Nucleic acid DNA and RNA extraction and purification and quantitation kits and components,41105505,High throughput screening HTS systems in nucleic acid purification,sieving,2.4
41000000,Laboratory and Measuring and Observing and Testing Equipment,41100000,Laboratory and scientific equipment,41105500,Nucleic acid DNA and RNA extraction and purification and quantitation kits and components,41105508,Nucleic acids coprecipitants,cip_cleaning,2.4
41000000,Laboratory and Measuring and Observing and Testing Equipment,41100000,Laboratory and scientific equipment,41105500,Nucleic acid DNA and RNA extraction and purification and quantitation kits and components,41105511,Kits for plasmids deoxyribonucleic acid DNA extraction from yeast,extraction,2.4
41000000,Laboratory and Measuring and Observing and Testing Equipment,41100000,Laboratory and scientific equipment,41105500,Nucleic acid DNA and RNA extraction and purification and quantitation kits and components,41105514,Reagents for nucleic acid extraction or precipitation or resuspension,extraction;cip_cleaning,2.4
41000000,Laboratory and Measuring and Observing and Testing Equipment,41100000,Laboratory and scientific equipment,41105500,Nucleic acid DNA and RNA extraction and purification and quantitation kits and components,41105516,Ribonucleic acid RNA gel extraction kits,extraction,2.4
41000000,Laboratory and Measuring and Observing and Testing Equipment,41100000,Laboratory and scientific equipment,41105500,Nucleic acid DNA and RNA extraction and purification and quantitation kits and components,41105517,Kits for nucleic acid extraction from plant cells or tissue,extraction,2.4
41000000,Laboratory and Measuring and Observing and Testing Equipment,41100000,Laboratory and scientific equipment,41105700,Gene arrays,41105701,Acid nucleic immobilized on glass or nylon membranes,membrane_separation,2.4
41000000,Laboratory and Measuring and Observing and Testing Equipment,41100000,Laboratory and scientific equipment,41105800,In vitro transcription and translation products,41105804,Translation labeling accessories,packaging,2.4
41000000,Laboratory and Measuring and Observing and Testing Equipment,41100000,Laboratory and scientific equipment,41105900,Libraries and related materials,41105908,Viral packaging kits,packaging,2.4
41000000,Laboratory and Measuring and Observing and Testing Equipment,41100000,Laboratory and scientific equipment,41106000,Nucleic acid labeling and detection systems,41106004,Nucleic acid non radioactive labeling kits,packaging,2.4
41000000,Laboratory and Measuring and Observing and Testing Equipment,41100000,Laboratory and scientific equipment,41106000,Nucleic acid labeling and detection systems,41106005,Nucleic acid radioactive labeling kits,packaging,2.4
41000000,Laboratory and Measuring and Observing and Testing Equipment,41100000,Laboratory and scientific equipment,41106200,Microorganism propagation and transformation media and kits and equipment,41106231,Contact agar plate for environmental microbial presence,microbial_analysis,1.6
41000000,Laboratory and Measuring and Observing and Testing Equipment,41100000,Laboratory and scientific equipment,41106200,Microorganism propagation and transformation media and kits and equipment,41106232,Automated microbial culture plate streaker,microbial_analysis,1.6
41000000,Laboratory and Measuring and Observing and Testing Equipment,41100000,Laboratory and scientific equipment,41106300,Polymerase chain reaction PCR and reverse transcriptase polymerase chain reaction RT PCR products,41106302,Gene specific polymerase chain reaction PCR kits,microbial_analysis,1.6
41000000,Laboratory and Measuring and Observing and Testing Equipment,41100000,Laboratory and scientific equipment,41106300,Polymerase chain reaction PCR and reverse transcriptase polymerase chain reaction RT PCR products,41106303,Kits for polymerase chain reaction PCR purification,microbial_analysis,1.6
41000000,Laboratory and Measuring and Observing and Testing Equipment,41100000,Laboratory and scientific equipment,41106300,Polymerase chain reaction PCR and reverse transcriptase polymerase chain reaction RT PCR products,41106304,Kits for messenger ribonucleic acid mRNA quantitation by polymerase chain reaction PCR,microbial_analysis,1.6
41000000,Laboratory and Measuring and Observing and Testing Equipment,41100000,Laboratory and scientific equipment,41106300,Polymerase chain reaction PCR and reverse transcriptase polymerase chain reaction RT PCR products,41106306,Polymerase chain reaction PCR buffers,microbial_analysis,1.6
41000000,Laboratory and Measuring and Observing and Testing Equipment,41100000,Laboratory and scientific equipment,41106300,Polymerase chain reaction PCR and reverse transcriptase polymerase chain reaction RT PCR products,41106307,Polymerase chain reaction PCR optimizing products,microbial_analysis,1.6
41000000,Laboratory and Measuring and Observing and Testing Equipment,41100000,Laboratory and scientific equipment,41106300,Polymerase chain reaction PCR and reverse transcriptase polymerase chain reaction RT PCR products,41106308,Polymerase chain reaction PCR or reverse transcriptase polymerase chain reaction RT PCR primers,microbial_analysis,1.6
41000000,Laboratory and Measuring and Observing and Testing Equipment,41100000,Laboratory and scientific equipment,41106300,Polymerase chain reaction PCR and reverse transcriptase polymerase chain reaction RT PCR products,41106313,Reverse transcriptase polymerase chain reaction RT PCR kits,microbial_analysis,1.6
41000000,Laboratory and Measuring and Observing and Testing Equipment,41100000,Laboratory and scientific equipment,41106500,Protein expression products,41106510,Kits for protein extraction from mammalian cells or tissues,extraction,2.4
41000000,Laboratory and Measuring and Observing and Testing Equipment,41100000,Laboratory and scientific equipment,41106500,Protein expression products,41106511,Kits for protein extraction from bacteria,extraction,2.4
41000000,Laboratory and Measuring and Observing and Testing Equipment,41100000,Laboratory and scientific equipment,41106500,Protein expression products,41106512,Kits for protein extraction from yeast,extraction,2.4
41000000,Laboratory and Measuring and Observing and Testing Equipment,41100000,Laboratory and scientific equipment,41106600,Vectors,41106611,Hybrid system vectors or kits,structural_analysis,1.4
41000000,Laboratory and Measuring and Observing and Testing Equipment,41100000,Laboratory and scientific equipment,41106600,Vectors,41106615,Polymerase chain reaction PCR cloning vectors or kits,microbial_analysis,1.6
41000000,Laboratory and Measuring and Observing and Testing Equipment,41100000,Laboratory and scientific equipment,41106700,Laboratory botanical equipment and accessories,41106706,Minirhizotron,composition_analysis,1.4
41000000,Laboratory and Measuring and Observing and Testing Equipment,41110000,Measuring and observing and testing instruments,41111500,Weight measuring instruments,41111515,Balance weighing containers or bowls or boats or papers,storage,2.4
41000000,Laboratory and Measuring and Observing and Testing Equipment,41110000,Measuring and observing and testing instruments,41111500,Weight measuring instruments,41111520,Conveyor weighting scale,conveying,2.4
41000000,Laboratory and Measuring and Observing and Testing Equipment,41110000,Measuring and observing and testing instruments,41111600,Length and thickness and distance measuring instruments,41111605,Strain gauges,process_monitoring,2.4
41000000,Laboratory and Measuring and Observing and Testing Equipment,41110000,Measuring and observing and testing instruments,41111600,Length and thickness and distance measuring instruments,41111607,Thread counters or gauges,process_monitoring,2.4
41000000,Laboratory and Measuring and Observing and Testing Equipment,41110000,Measuring and observing and testing instruments,41111600,Length and thickness and distance measuring instruments,41111614,Height gauges,process_monitoring,2.4
41000000,Laboratory and Measuring and Observing and Testing Equipment,41110000,Measuring and observing and testing instruments,41111600,Length and thickness and distance measuring instruments,41111617,Feeler gauges,process_monitoring,2.4
41000000,Laboratory and Measuring and Observing and Testing Equipment,41110000,Measuring and observing and testing instruments,41111600,Length and thickness and distance measuring instruments,41111619,Go or no go gauge,process_monitoring,2.4
41000000,Laboratory and Measuring and Observing and Testing Equipment,41110000,Measuring and observing and testing instruments,41111600,Length and thickness and distance measuring instruments,41111626,Gauge block,process_monitoring,2.4
41000000,Laboratory and Measuring and Observing and Testing Equipment,41110000,Measuring and observing and testing instruments,41111600,Length and thickness and distance measuring instruments,41111629,Cable or wire extension linear position sensor,process_monitoring,2.4
41000000,Laboratory and Measuring and Observing and Testing Equipment,41110000,Measuring and observing and testing instruments,41111600,Length and thickness and distance measuring instruments,41111630,Dial indicator or dial gauge,process_monitoring,2.4
41000000,Laboratory and Measuring and Observing and Testing Equipment,41110000,Measuring and observing and testing instruments,41111600,Length and thickness and distance measuring instruments,41111631,Radius gauge,process_monitoring,2.4
41000000,Laboratory and Measuring and Observing and Testing Equipment,41110000,Measuring and observing and testing instruments,41111600,Length and thickness and distance measuring instruments,41111632,Cylinder gauge,process_monitoring,2.4
41000000,Laboratory and Measuring and Observing and Testing Equipment,41110000,Measuring and observing and testing instruments,41111600,Length and thickness and distance measuring instruments,41111639,Screw plug gauge and cross recess,process_monitoring,2.4
41000000,Laboratory and Measuring and Observing and Testing Equipment,41110000,Measuring and observing and testing instruments,41111600,Length and thickness and distance measuring instruments,41111640,Welding gauge,process_monitoring,2.4
41000000,Laboratory and Measuring and Observing and Testing Equipment,41110000,Measuring and observing and testing instruments,41111600,Length and thickness and distance measuring instruments,41111641,Thread pitch gauge,process_monitoring,2.4
41000000,Laboratory and Measuring and Observing and Testing Equipment,41110000,Measuring and observing and testing instruments,41111600,Length and thickness and distance measuring instruments,41111642,Rail joint gap gauge,process_monitoring,2.4
41000000,Laboratory and Measuring and Observing and Testing Equipment,41110000,Measuring and observing and testing instruments,41111600,Length and thickness and distance measuring instruments,41111643,Wire gauge,process_monitoring,2.4
41000000,Laboratory and Measuring and Observing and Testing Equipment,41110000,Measuring and observing and testing instruments,41111600,Length and thickness and distance measuring instruments,41111644,Pin gauge,process_monitoring,2.4
41000000,Laboratory and Measuring and Observing and Testing Equipment,41110000,Measuring and observing and testing instruments,41111600,Length and thickness and distance measuring instruments,41111646,Telescoping gauge,process_monitoring,2.4
41000000,Laboratory and Measuring and Observing and Testing Equipment,41110000,Measuring and observing and testing instruments,41111600,Length and thickness and distance measuring instruments,41111647,Hole gauge,process_monitoring,2.4
41000000,Laboratory and Measuring and Observing and Testing Equipment,41110000,Measuring and observing and testing instruments,41111600,Length and thickness and distance measuring instruments,41111648,Taper gauge,process_monitoring,2.4
41000000,Laboratory and Measuring and Observing and Testing Equipment,41110000,Measuring and observing and testing instruments,41111600,Length and thickness and distance measuring instruments,41111649,Tire depth gauge,process_monitoring,2.4
41000000,Laboratory and Measuring and Observing and Testing Equipment,41110000,Measuring and observing and testing instruments,41111600,Length and thickness and distance measuring instruments,41111650,Drill gauge,process_monitoring,2.4
41000000,Laboratory and Measuring and Observing and Testing Equipment,41110000,Measuring and observing and testing instruments,41111700,Viewing and observing instruments and accessories,41111701,Ion microscopes,structural_analysis,1.4
41000000,Laboratory and Measuring and Observing and Testing Equipment,41110000,Measuring and observing and testing instruments,41111700,Viewing and observing instruments and accessories,41111702,Monocular microscopes,structural_analysis,1.4
41000000,Laboratory and Measuring and Observing and Testing Equipment,41110000,Measuring and observing and testing instruments,41111700,Viewing and observing instruments and accessories,41111703,Stereo or dissecting light microscopes,structural_analysis,1.4
41000000,Laboratory and Measuring and Observing and Testing Equipment,41110000,Measuring and observing and testing instruments,41111700,Viewing and observing instruments and accessories,41111704,Illuminators for microscopes,structural_analysis,1.4
41000000,Laboratory and Measuring and Observing and Testing Equipment,41110000,Measuring and observing and testing instruments,41111700,Viewing and observing instruments and accessories,41111705,Microscope objectives,structural_analysis,1.4
41000000,Laboratory and Measuring and Observing and Testing Equipment,41110000,Measuring and observing and testing instruments,41111700,Viewing and observing instruments and accessories,41111706,Photo attachments for microscopes,structural_analysis,1.4
41000000,Laboratory and Measuring and Observing and Testing Equipment,41110000,Measuring and observing and testing instruments,41111700,Viewing and observing instruments and accessories,41111708,Video attachments for microscopes,structural_analysis,1.4
41000000,Laboratory and Measuring and Observing and Testing Equipment,41110000,Measuring and observing and testing instruments,41111700,Viewing and observing instruments and accessories,41111709,Binocular light compound microscopes,structural_analysis,1.4
41000000,Laboratory and Measuring and Observing and Testing Equipment,41110000,Measuring and observing and testing instruments,41111700,Viewing and observing instruments and accessories,41111710,Combination electron and light microscopes,structural_analysis,1.4
41000000,Laboratory and Measuring and Observing and Testing Equipment,41110000,Measuring and observing and testing instruments,41111700,Viewing and observing instruments and accessories,41111711,Electron microscopes,structural_analysis,1.4
41000000,Laboratory and Measuring and Observing and Testing Equipment,41110000,Measuring and observing and testing instruments,41111700,Viewing and observing instruments and accessories,41111712,Inverted microscopes,structural_analysis,1.4
41000000,Laboratory and Measuring and Observing and Testing Equipment,41110000,Measuring and observing and testing instruments,41111700,Viewing and observing instruments and accessories,41111718,Metallurgical microscopes,structural_analysis,1.4
41000000,Laboratory and Measuring and Observing and Testing Equipment,41110000,Measuring and observing and testing instruments,41111700,Viewing and observing instruments and accessories,41111719,Darkfield microscopes,structural_analysis,1.4
41000000,Laboratory and Measuring and Observing and Testing Equipment,41110000,Measuring and observing and testing instruments,41111700,Viewing and observing instruments and accessories,41111720,Scanning electron microscopes,structural_analysis,1.4
41000000,Laboratory and Measuring and Observing and Testing Equipment,41110000,Measuring and observing and testing instruments,41111700,Viewing and observing instruments and accessories,41111721,Transmission electron microscopes,structural_analysis,1.4
41000000,Laboratory and Measuring and Observing and Testing Equipment,41110000,Measuring and observing and testing instruments,41111700,Viewing and observing instruments and accessories,41111722,Fluorescent microscopes,structural_analysis,1.4
41000000,Laboratory and Measuring and Observing and Testing Equipment,41110000,Measuring and observing and testing instruments,41111700,Viewing and observing instruments and accessories,41111723,Scanning light or spinning disk or laser scanning microscopes,structural_analysis,1.4
41000000,Laboratory and Measuring and Observing and Testing Equipment,41110000,Measuring and observing and testing instruments,41111700,Viewing and observing instruments and accessories,41111724,Scanning probe microscopes,structural_analysis;process_monitoring,1.4
41000000,Laboratory and Measuring and Observing and Testing Equipment,41110000,Measuring and observing and testing instruments,41111700,Viewing and observing instruments and accessories,41111725,Polarizing microscopes,structural_analysis,1.4
41000000,Laboratory and Measuring and Observing and Testing Equipment,41110000,Measuring and observing and testing instruments,41111700,Viewing and observing instruments and accessories,41111726,Acoustic microscopes,structural_analysis,1.4
41000000,Laboratory and Measuring and Observing and Testing Equipment,41110000,Measuring and observing and testing instruments,41111700,Viewing and observing instruments and accessories,41111727,Projection microscopes,structural_analysis,1.4
41000000,Laboratory and Measuring and Observing and Testing Equipment,41110000,Measuring and observing and testing instruments,41111700,Viewing and observing instruments and accessories,41111728,Wide field microscopes,structural_analysis,1.4
41000000,Laboratory and Measuring and Observing and Testing Equipment,41110000,Measuring and observing and testing instruments,41111700,Viewing and observing instruments and accessories,41111729,Microscope eyepieces,structural_analysis,1.4
41000000,Laboratory and Measuring and Observing and Testing Equipment,41110000,Measuring and observing and testing instruments,41111700,Viewing and observing instruments and accessories,41111730,Microscope condensers,structural_analysis,1.4
41000000,Laboratory and Measuring and Observing and Testing Equipment,41110000,Measuring and observing and testing instruments,41111700,Viewing and observing instruments and accessories,41111731,Microscope collectors,structural_analysis,1.4
41000000,Laboratory and Measuring and Observing and Testing Equipment,41110000,Measuring and observing and testing instruments,41111700,Viewing and observing instruments and accessories,41111733,Microscope tubes,structural_analysis,1.4
41000000,Laboratory and Measuring and Observing and Testing Equipment,41110000,Measuring and observing and testing instruments,41111700,Viewing and observing instruments and accessories,41111734,Microscope stages,structural_analysis,1.4
41000000,Laboratory and Measuring and Observing and Testing Equipment,41110000,Measuring and observing and testing instruments,41111700,Viewing and observing instruments and accessories,41111735,Automated microscope stages,structural_analysis,1.4
41000000,Laboratory and Measuring and Observing and Testing Equipment,41110000,Measuring and observing and testing instruments,41111700,Viewing and observing instruments and accessories,41111736,Microscope covers,structural_analysis,1.4
41000000,Laboratory and Measuring and Observing and Testing Equipment,41110000,Measuring and observing and testing instruments,41111700,Viewing and observing instruments and accessories,41111739,Laboratory microscope replacement bulbs,structural_analysis,1.4
41000000,Laboratory and Measuring and Observing and Testing Equipment,41110000,Measuring and observing and testing instruments,41111700,Viewing and observing instruments and accessories,41111741,Microscope differential interference contrast equipment,structural_analysis,1.4
41000000,Laboratory and Measuring and Observing and Testing Equipment,41110000,Measuring and observing and testing instruments,41111700,Viewing and observing instruments and accessories,41111748,Multimedia image microscope,structural_analysis,1.4
41000000,Laboratory and Measuring and Observing and Testing Equipment,41110000,Measuring and observing and testing instruments,41111700,Viewing and observing instruments and accessories,41111749,Phase contrast microscope,structural_analysis,1.4
41000000,Laboratory and Measuring and Observing and Testing Equipment,41110000,Measuring and observing and testing instruments,41111700,Viewing and observing instruments and accessories,41111750,Microscope anti vibration mat or table,structural_analysis,1.4
41000000,Laboratory and Measuring and Observing and Testing Equipment,41110000,Measuring and observing and testing instruments,41111700,Viewing and observing instruments and accessories,41111751,Microscope fluorescence filter,structural_analysis,1.4
41000000,Laboratory and Measuring and Observing and Testing Equipment,41110000,Measuring and observing and testing instruments,41111700,Viewing and observing instruments and accessories,41111752,Microscope filter cube or box,structural_analysis,1.4
41000000,Laboratory and Measuring and Observing and Testing Equipment,41110000,Measuring and observing and testing instruments,41111700,Viewing and observing instruments and accessories,41111753,Manual microscope nosepiece,structural_analysis,1.4
41000000,Laboratory and Measuring and Observing and Testing Equipment,41110000,Measuring and observing and testing instruments,41111700,Viewing and observing instruments and accessories,41111754,Motorized microscope nosepiece,structural_analysis,1.4
41000000,Laboratory and Measuring and Observing and Testing Equipment,41110000,Measuring and observing and testing instruments,41111700,Viewing and observing instruments and accessories,41111755,Microscope knob,structural_analysis,1.4
41000000,Laboratory and Measuring and Observing and Testing Equipment,41110000,Measuring and observing and testing instruments,41111700,Viewing and observing instruments and accessories,41111756,Microscope base unit,structural_analysis,1.4
41000000,Laboratory and Measuring and Observing and Testing Equipment,41110000,Measuring and observing and testing instruments,41111700,Viewing and observing instruments and accessories,41111757,Microscope head,structural_analysis,1.4
41000000,Laboratory and Measuring and Observing and Testing Equipment,41110000,Measuring and observing and testing instruments,41111700,Viewing and observing instruments and accessories,41111758,Microscope body,structural_analysis,1.4
41000000,Laboratory and Measuring and Observing and Testing Equipment,41110000,Measuring and observing and testing instruments,41111700,Viewing and observing instruments and accessories,41111759,Trinocular light compound microscope,structural_analysis,1.4
41000000,Laboratory and Measuring and Observing and Testing Equipment,41110000,Measuring and observing and testing instruments,41111700,Viewing and observing instruments and accessories,41111760,Microscope sample manipulation system and accessories,structural_analysis,1.4
41000000,Laboratory and Measuring and Observing and Testing Equipment,41110000,Measuring and observing and testing instruments,41111700,Viewing and observing instruments and accessories,41111761,Transmission electron microscopy TEM grid or support film,structural_analysis,1.4
41000000,Laboratory and Measuring and Observing and Testing Equipment,41110000,Measuring and observing and testing instruments,41111700,Viewing and observing instruments and accessories,41111762,Transmission electron microscopy TEM grid storage box,structural_analysis,1.4
41000000,Laboratory and Measuring and Observing and Testing Equipment,41110000,Measuring and observing and testing instruments,41111700,Viewing and observing instruments and accessories,41111763,Microscope cleaning kit,structural_analysis,1.4
41000000,Laboratory and Measuring and Observing and Testing Equipment,41110000,Measuring and observing and testing instruments,41111700,Viewing and observing instruments and accessories,41111764,Microscope fitting,structural_analysis,1.4
41000000,Laboratory and Measuring and Observing and Testing Equipment,41110000,Measuring and observing and testing instruments,41111700,Viewing and observing instruments and accessories,41111765,Microscope stage slide clip,structural_analysis,1.4
41000000,Laboratory and Measuring and Observing and Testing Equipment,41110000,Measuring and observing and testing instruments,41111700,Viewing and observing instruments and accessories,41111766,Handheld digital microscope,structural_analysis,1.4
41000000,Laboratory and Measuring and Observing and Testing Equipment,41110000,Measuring and observing and testing instruments,41111700,Viewing and observing instruments and accessories,41111767,Microscope stage warming system or incubator and accessories,cell_culture;structural_analysis,1.6
41000000,Laboratory and Measuring and Observing and Testing Equipment,41110000,Measuring and observing and testing instruments,41111700,Viewing and observing instruments and accessories,41111770,Microscope pointer,structural_analysis,1.4
41000000,Laboratory and Measuring and Observing and Testing Equipment,41110000,Measuring and observing and testing instruments,41111800,Non destructive examination equipment,41111804,Ultrasonic examination equipment,homogenisation,2.4
41000000,Laboratory and Measuring and Observing and Testing Equipment,41110000,Measuring and observing and testing instruments,41111900,Indicating and recording instruments,41111905,Electronic measuring probes,process_monitoring,2.4
41000000,Laboratory and Measuring and Observing and Testing Equipment,41110000,Measuring and observing and testing instruments,41111900,Indicating and recording instruments,41111915,Bi metallic sensors,process_monitoring,2.4
41000000,Laboratory and Measuring and Observing and Testing Equipment,41110000,Measuring and observing and testing instruments,41111900,Indicating and recording instruments,41111916,Non contact sensors,process_monitoring,2.4
41000000,Laboratory and Measuring and Observing and Testing Equipment,41110000,Measuring and observing and testing instruments,41111900,Indicating and recording instruments,41111921,Speed sensors,process_monitoring,2.4
41000000,Laboratory and Measuring and Observing and Testing Equipment,41110000,Measuring and observing and testing instruments,41111900,Indicating and recording instruments,41111922,Lamp failure sensor,process_monitoring,2.4
41000000,Laboratory and Measuring and Observing and Testing Equipment,41110000,Measuring and observing and testing instruments,41111900,Indicating and recording instruments,41111923,Pre ignition knock sensor,process_monitoring,2.4
41000000,Laboratory and Measuring and Observing and Testing Equipment,41110000,Measuring and observing and testing instruments,41111900,Indicating and recording instruments,41111924,Oxygen sensors,process_monitoring,2.4
41000000,Laboratory and Measuring and Observing and Testing Equipment,41110000,Measuring and observing and testing instruments,41111900,Indicating and recording instruments,41111926,Proximity sensors,process_monitoring,2.4
41000000,Laboratory and Measuring and Observing and Testing Equipment,41110000,Measuring and observing and testing instruments,41111900,Indicating and recording instruments,41111927,Pressure sensors,process_monitoring,2.4
41000000,Laboratory and Measuring and Observing and Testing Equipment,41110000,Measuring and observing and testing instruments,41111900,Indicating and recording instruments,41111928,Current sensors,process_monitoring,2.4
41000000,Laboratory and Measuring and Observing and Testing Equipment,41110000,Measuring and observing and testing instruments,41111900,Indicating and recording instruments,41111930,Electrical power sensors,process_monitoring,2.4
41000000,Laboratory and Measuring and Observing and Testing Equipment,41110000,Measuring and observing and testing instruments,41111900,Indicating and recording instruments,41111931,Flow sensors,process_monitoring,2.4
41000000,Laboratory and Measuring and Observing and Testing Equipment,41110000,Measuring and observing and testing instruments,41111900,Indicating and recording instruments,41111933,Electrical charge sensors,process_monitoring,2.4
41000000,Laboratory and Measuring and Observing and Testing Equipment,41110000,Measuring and observing and testing instruments,41111900,Indicating and recording instruments,41111934,Force or torque sensors,process_monitoring,2.4
41000000,Laboratory and Measuring and Observing and Testing Equipment,41110000,Measuring and observing and testing instruments,41111900,Indicating and recording instruments,41111935,Tilt sensors,process_monitoring,2.4
41000000,Laboratory and Measuring and Observing and Testing Equipment,41110000,Measuring and observing and testing instruments,41111900,Indicating and recording instruments,41111936,Complementary metal oxide semiconductor CMOS image sensors,process_monitoring,2.4
41000000,Laboratory and Measuring and Observing and Testing Equipment,41110000,Measuring and observing and testing instruments,41111900,Indicating and recording instruments,41111937,Rotary position sensors,process_monitoring,2.4
41000000,Laboratory and Measuring and Observing and Testing Equipment,41110000,Measuring and observing and testing instruments,41111900,Indicating and recording instruments,41111938,Level sensors or transmitters,process_monitoring,2.4
41000000,Laboratory and Measuring and Observing and Testing Equipment,41110000,Measuring and observing and testing instruments,41111900,Indicating and recording instruments,41111939,Acoustic sensors,process_monitoring,2.4
41000000,Laboratory and Measuring and Observing and Testing Equipment,41110000,Measuring and observing and testing instruments,41111900,Indicating and recording instruments,41111940,Color sensors,process_monitoring,2.4
41000000,Laboratory and Measuring and Observing and Testing Equipment,41110000,Measuring and observing and testing instruments,41111900,Indicating and recording instruments,41111941,Olfactory sensors,process_monitoring,2.4
41000000,Laboratory and Measuring and Observing and Testing Equipment,41110000,Measuring and observing and testing instruments,41111900,Indicating and recording instruments,41111942,Opacity or dust or visibility sensors,process_monitoring,2.4
41000000,Laboratory and Measuring and Observing and Testing Equipment,41110000,Measuring and observing and testing instruments,41111900,Indicating and recording instruments,41111943,Electrical resistance or conductance sensors,process_monitoring,2.4
41000000,Laboratory and Measuring and Observing and Testing Equipment,41110000,Measuring and observing and testing instruments,41111900,Indicating and recording instruments,41111944,Electrical admittance sensors,process_monitoring,2.4
41000000,Laboratory and Measuring and Observing and Testing Equipment,41110000,Measuring and observing and testing instruments,41111900,Indicating and recording instruments,41111945,Linear position sensors,process_monitoring,2.4
41000000,Laboratory and Measuring and Observing and Testing Equipment,41110000,Measuring and observing and testing instruments,41111900,Indicating and recording instruments,41111946,Electrical inductance sensors,process_monitoring,2.4
41000000,Laboratory and Measuring and Observing and Testing Equipment,41110000,Measuring and observing and testing instruments,41111900,Indicating and recording instruments,41111952,Hydrogen sulfide sensor,process_monitoring,2.4
41000000,Laboratory and Measuring and Observing and Testing Equipment,41110000,Measuring and observing and testing instruments,41111900,Indicating and recording instruments,41111953,Supplemental inflator restraint arming sensor,process_monitoring,2.4
41000000,Laboratory and Measuring and Observing and Testing Equipment,41110000,Measuring and observing and testing instruments,41111900,Indicating and recording instruments,41111954,Liquid sensor,process_monitoring,2.4
41000000,Laboratory and Measuring and Observing and Testing Equipment,41110000,Measuring and observing and testing instruments,41111900,Indicating and recording instruments,41111955,Solar sensor,process_monitoring,2.4
41000000,Laboratory and Measuring and Observing and Testing Equipment,41110000,Measuring and observing and testing instruments,41111900,Indicating and recording instruments,41111956,Infrared temperature sensor,process_monitoring,2.4
41000000,Laboratory and Measuring and Observing and Testing Equipment,41110000,Measuring and observing and testing instruments,41111900,Indicating and recording instruments,41111957,Oil pressure sensor,process_monitoring,2.4
41000000,Laboratory and Measuring and Observing and Testing Equipment,41110000,Measuring and observing and testing instruments,41111900,Indicating and recording instruments,41111958,Manifold ambient pressure sensor,process_monitoring,2.4
41000000,Laboratory and Measuring and Observing and Testing Equipment,41110000,Measuring and observing and testing instruments,41111900,Indicating and recording instruments,41111959,Fuel pressure sensor,process_monitoring,2.4
41000000,Laboratory and Measuring and Observing and Testing Equipment,41110000,Measuring and observing and testing instruments,41111900,Indicating and recording instruments,41111960,Ultrasonic sensor,homogenisation;process_monitoring,2.4
41000000,Laboratory and Measuring and Observing and Testing Equipment,41110000,Measuring and observing and testing instruments,41111900,Indicating and recording instruments,41111961,Occupant sensor,process_monitoring,2.4
41000000,Laboratory and Measuring and Observing and Testing Equipment,41110000,Measuring and observing and testing instruments,41111900,Indicating and recording instruments,41111962,Brake wear sensor,process_monitoring,2.4
41000000,Laboratory and Measuring and Observing and Testing Equipment,41110000,Measuring and observing and testing instruments,41111900,Indicating and recording instruments,41111963,Fuel level sensor,process_monitoring,2.4
41000000,Laboratory and Measuring and Observing and Testing Equipment,41110000,Measuring and observing and testing instruments,41111900,Indicating and recording instruments,41111964,Seat belt tension sensor,process_monitoring,2.4
41000000,Laboratory and Measuring and Observing and Testing Equipment,41110000,Measuring and observing and testing instruments,41111900,Indicating and recording instruments,41111965,Water sensor,process_monitoring,2.4
41000000,Laboratory and Measuring and Observing and Testing Equipment,41110000,Measuring and observing and testing instruments,41111900,Indicating and recording instruments,41111966,Humidity sensor,process_monitoring,2.4
41000000,Laboratory and Measuring and Observing and Testing Equipment,41110000,Measuring and observing and testing instruments,41111900,Indicating and recording instruments,41111967,Lateral long yaw sensor,process_monitoring,2.4
41000000,Laboratory and Measuring and Observing and Testing Equipment,41110000,Measuring and observing and testing instruments,41111900,Indicating and recording instruments,41111968,Angular rate sensor,process_monitoring,2.4
41000000,Laboratory and Measuring and Observing and Testing Equipment,41110000,Measuring and observing and testing instruments,41111900,Indicating and recording instruments,41111969,Voltage control sensor,process_monitoring,2.4
41000000,Laboratory and Measuring and Observing and Testing Equipment,41110000,Measuring and observing and testing instruments,41111900,Indicating and recording instruments,41111970,Temperature sensor,process_monitoring,2.4
41000000,Laboratory and Measuring and Observing and Testing Equipment,41110000,Measuring and observing and testing instruments,41111900,Indicating and recording instruments,41111972,Supplemental inflator restraint SIR or airbag coil assembly sensor,process_monitoring,2.4
41000000,Laboratory and Measuring and Observing and Testing Equipment,41110000,Measuring and observing and testing instruments,41111900,Indicating and recording instruments,41111974,Heating sensor tester,heating;process_monitoring,2.4
41000000,Laboratory and Measuring and Observing and Testing Equipment,41110000,Measuring and observing and testing instruments,41111900,Indicating and recording instruments,41111975,Magnetic field monitor,process_monitoring,2.4
41000000,Laboratory and Measuring and Observing and Testing Equipment,41110000,Measuring and observing and testing instruments,41111900,Indicating and recording instruments,41111979,Data logger for clinical temperature controlled equipment,process_monitoring,2.4
41000000,Laboratory and Measuring and Observing and Testing Equipment,41110000,Measuring and observing and testing instruments,41111900,Indicating and recording instruments,41111980,Remote monitoring system for clinical temperature controlled equipment,structural_analysis;process_monitoring,1.4
41000000,Laboratory and Measuring and Observing and Testing Equipment,41110000,Measuring and observing and testing instruments,41112100,Transducers,41112103,Fiber sensors,process_monitoring,2.4
41000000,Laboratory and Measuring and Observing and Testing Equipment,41110000,Measuring and observing and testing instruments,41112100,Transducers,41112105,Temperature transmitters,process_monitoring,2.4
41000000,Laboratory and Measuring and Observing and Testing Equipment,41110000,Measuring and observing and testing instruments,41112100,Transducers,41112110,Pressure transducer,process_monitoring,2.4
41000000,Laboratory and Measuring and Observing and Testing Equipment,41110000,Measuring and observing and testing instruments,41112200,Temperature and heat measuring instruments,41112205,Temperature regulators,process_monitoring,2.4
41000000,Laboratory and Measuring and Observing and Testing Equipment,41110000,Measuring and observing and testing instruments,41112200,Temperature and heat measuring instruments,41112214,Cryogenic temperature controllers,process_monitoring,2.4
41000000,Laboratory and Measuring and Observing and Testing Equipment,41110000,Measuring and observing and testing instruments,41112200,Temperature and heat measuring instruments,41112215,Humidifier temperature controllers,process_monitoring,2.4
41000000,Laboratory and Measuring and Observing and Testing Equipment,41110000,Measuring and observing and testing instruments,41112200,Temperature and heat measuring instruments,41112219,Thermocouple probes,process_monitoring,2.4
41000000,Laboratory and Measuring and Observing and Testing Equipment,41110000,Measuring and observing and testing instruments,41112200,Temperature and heat measuring instruments,41112220,Laboratory freezer or refrigerator thermometers,cooling,2.4
41000000,Laboratory and Measuring and Observing and Testing Equipment,41110000,Measuring and observing and testing instruments,41112200,Temperature and heat measuring instruments,41112221,Laboratory incubator thermometers,cell_culture,1.6
41000000,Laboratory and Measuring and Observing and Testing Equipment,41110000,Measuring and observing and testing instruments,41112200,Temperature and heat measuring instruments,41112222,Temperature gauge,process_monitoring,2.4
41000000,Laboratory and Measuring and Observing and Testing Equipment,41110000,Measuring and observing and testing instruments,41112200,Temperature and heat measuring instruments,41112223,Compound gauge,process_monitoring,2.4
41000000,Laboratory and Measuring and Observing and Testing Equipment,41110000,Measuring and observing and testing instruments,41112200,Temperature and heat measuring instruments,41112225,Resistance temperature detector RTD,process_monitoring,2.4
41000000,Laboratory and Measuring and Observing and Testing Equipment,41110000,Measuring and observing and testing instruments,41112200,Temperature and heat measuring instruments,41112226,Low temperature thermocouple sensor,process_monitoring,2.4
41000000,Laboratory and Measuring and Observing and Testing Equipment,41110000,Measuring and observing and testing instruments,41112200,Temperature and heat measuring instruments,41112227,High temperature thermocouple sensor,process_monitoring,2.4
41000000,Laboratory and Measuring and Observing and Testing Equipment,41110000,Measuring and observing and testing instruments,41112200,Temperature and heat measuring instruments,41112228,Combustion efficiency analyzer,composition_analysis,1.4
41000000,Laboratory and Measuring and Observing and Testing Equipment,41110000,Measuring and observing and testing instruments,41112200,Temperature and heat measuring instruments,41112240,Blood unit temperature verification strip,process_monitoring,2.4
41000000,Laboratory and Measuring and Observing and Testing Equipment,41110000,Measuring and observing and testing instruments,41112200,Temperature and heat measuring instruments,41112241,Laboratory oven thermometer,drying,2.4
41000000,Laboratory and Measuring and Observing and Testing Equipment,41110000,Measuring and observing and testing instruments,41112300,Humidity and moisture measuring instruments,41112303,Temperature humidity testers,process_monitoring,2.4
41000000,Laboratory and Measuring and Observing and Testing Equipment,41110000,Measuring and observing and testing instruments,41112400,Pressure measuring and control instruments,41112401,Depth gauges,process_monitoring,2.4
41000000,Laboratory and Measuring and Observing and Testing Equipment,41110000,Measuring and observing and testing instruments,41112400,Pressure measuring and control instruments,41112403,Pressure indicators,process_monitoring,2.4
41000000,Laboratory and Measuring and Observing and Testing Equipment,41110000,Measuring and observing and testing instruments,41112400,Pressure measuring and control instruments,41112404,Pressure regulator,process_monitoring,2.4
41000000,Laboratory and Measuring and Observing and Testing Equipment,41110000,Measuring and observing and testing instruments,41112400,Pressure measuring and control instruments,41112405,Pressure or vacuum recorders,process_monitoring,2.4
41000000,Laboratory and Measuring and Observing and Testing Equipment,41110000,Measuring and observing and testing instruments,41112400,Pressure measuring and control instruments,41112406,Vacuum gauges,process_monitoring,2.4
41000000,Laboratory and Measuring and Observing and Testing Equipment,41110000,Measuring and observing and testing instruments,41112400,Pressure measuring and control instruments,41112408,Pressure intensifiers,process_monitoring,2.4
41000000,Laboratory and Measuring and Observing and Testing Equipment,41110000,Measuring and observing and testing instruments,41112400,Pressure measuring and control instruments,41112409,Pressure scanners,process_monitoring,2.4
41000000,Laboratory and Measuring and Observing and Testing Equipment,41110000,Measuring and observing and testing instruments,41112400,Pressure measuring and control instruments,41112410,Pressure transmitters,process_monitoring,2.4
41000000,Laboratory and Measuring and Observing and Testing Equipment,41110000,Measuring and observing and testing instruments,41112400,Pressure measuring and control instruments,41112411,Pressure controllers,process_monitoring,2.4
41000000,Laboratory and Measuring and Observing and Testing Equipment,41110000,Measuring and observing and testing instruments,41112400,Pressure measuring and control instruments,41112412,Pressure gauge,process_monitoring,2.4
41000000,Laboratory and Measuring and Observing and Testing Equipment,41110000,Measuring and observing and testing instruments,41112400,Pressure measuring and control instruments,41112413,Differentialpressure gauge,process_monitoring,2.4
41000000,Laboratory and Measuring and Observing and Testing Equipment,41110000,Measuring and observing and testing instruments,41112400,Pressure measuring and control instruments,41112414,Pressure calibrator,process_monitoring,2.4
41000000,Laboratory and Measuring and Observing and Testing Equipment,41110000,Measuring and observing and testing instruments,41112400,Pressure measuring and control instruments,41112416,Bursting pressure tester,process_monitoring,2.4
41000000,Laboratory and Measuring and Observing and Testing Equipment,41110000,Measuring and observing and testing instruments,41112400,Pressure measuring and control instruments,41112417,Vapor pressure measuring instrument,process_monitoring,2.4
41000000,Laboratory and Measuring and Observing and Testing Equipment,41110000,Measuring and observing and testing instruments,41112400,Pressure measuring and control instruments,41112418,Capillary pressure tester,process_monitoring,2.4
41000000,Laboratory and Measuring and Observing and Testing Equipment,41110000,Measuring and observing and testing instruments,41112400,Pressure measuring and control instruments,41112420,Pressure drop gauge,process_monitoring,2.4
41000000,Laboratory and Measuring and Observing and Testing Equipment,41110000,Measuring and observing and testing instruments,41112400,Pressure measuring and control instruments,41112422,Hydraulic pressure tester,process_monitoring,2.4
41000000,Laboratory and Measuring and Observing and Testing Equipment,41110000,Measuring and observing and testing instruments,41112400,Pressure measuring and control instruments,41112423,Pressure altimeter,process_monitoring,2.4
41000000,Laboratory and Measuring and Observing and Testing Equipment,41110000,Measuring and observing and testing instruments,41112500,Liquid and gas flow measuring and observing instruments,41112502,Rheometers,rheology_measurement,2.4
41000000,Laboratory and Measuring and Observing and Testing Equipment,41110000,Measuring and observing and testing instruments,41112500,Liquid and gas flow measuring and observing instruments,41112508,Gas gauges,process_monitoring,2.4
41000000,Laboratory and Measuring and Observing and Testing Equipment,41110000,Measuring and observing and testing instruments,41112500,Liquid and gas flow measuring and observing instruments,41112509,Air velocity and temperature monitors,process_monitoring,2.4
41000000,Laboratory and Measuring and Observing and Testing Equipment,41110000,Measuring and observing and testing instruments,41112500,Liquid and gas flow measuring and observing instruments,41112514,Oil gauges,process_monitoring,2.4
41000000,Laboratory and Measuring and Observing and Testing Equipment,41110000,Measuring and observing and testing instruments,41112500,Liquid and gas flow measuring and observing instruments,41112518,Pump efficiency testing equipment,pumping,2.4
41000000,Laboratory and Measuring and Observing and Testing Equipment,41110000,Measuring and observing and testing instruments,41112500,Liquid and gas flow measuring and observing instruments,41112519,Pitot gauge,process_monitoring,2.4
41000000,Laboratory and Measuring and Observing and Testing Equipment,41110000,Measuring and observing and testing instruments,41112500,Liquid and gas flow measuring and observing instruments,41112520,Fire pump flow meter,pumping;process_monitoring,2.4
41000000,Laboratory and Measuring and Observing and Testing Equipment,41110000,Measuring and observing and testing instruments,41112700,Laboratory seed and feed testing equipment,41112701,Grain analyzers,composition_analysis,1.4
41000000,Laboratory and Measuring and Observing and Testing Equipment,41110000,Measuring and observing and testing instruments,41112700,Laboratory seed and feed testing equipment,41112704,Feed analyzers,composition_analysis,1.4
41000000,Laboratory and Measuring and Observing and Testing Equipment,41110000,Measuring and observing and testing instruments,41113000,Chemical evaluation instruments and supplies,41113001,Digital Analyzer controllers,composition_analysis,1.4
41000000,Laboratory and Measuring and Observing and Testing Equipment,41110000,Measuring and observing and testing instruments,41113000,Chemical evaluation instruments and supplies,41113002,Chemiluminescence or bioluminescence analyzers,composition_analysis,1.4
41000000,Laboratory and Measuring and Observing and Testing Equipment,41110000,Measuring and observing and testing instruments,41113000,Chemical evaluation instruments and supplies,41113003,Electrogravimetry analyzers,composition_analysis,1.4
41000000,Laboratory and Measuring and Observing and Testing Equipment,41110000,Measuring and observing and testing instruments,41113000,Chemical evaluation instruments and supplies,41113004,Flame ionization analyzers,composition_analysis,1.4
41000000,Laboratory and Measuring and Observing and Testing Equipment,41110000,Measuring and observing and testing instruments,41113000,Chemical evaluation instruments and supplies,41113005,Ion analyzers,composition_analysis,1.4
41000000,Laboratory and Measuring and Observing and Testing Equipment,41110000,Measuring and observing and testing instruments,41113000,Chemical evaluation instruments and supplies,41113006,Radiometry analyzers,composition_analysis,1.4
41000000,Laboratory and Measuring and Observing and Testing Equipment,41110000,Measuring and observing and testing instruments,41113000,Chemical evaluation instruments and supplies,41113007,Random access analyzers,composition_analysis,1.4
41000000,Laboratory and Measuring and Observing and Testing Equipment,41110000,Measuring and observing and testing instruments,41113000,Chemical evaluation instruments and supplies,41113008,Cintigraphic analyzers,composition_analysis,1.4
41000000,Laboratory and Measuring and Observing and Testing Equipment,41110000,Measuring and observing and testing instruments,41113000,Chemical evaluation instruments and supplies,41113009,Thermal differential analyzers,composition_analysis,1.4
41000000,Laboratory and Measuring and Observing and Testing Equipment,41110000,Measuring and observing and testing instruments,41113000,Chemical evaluation instruments and supplies,41113010,Thermo gravimetry analyzers,composition_analysis,1.4
41000000,Laboratory and Measuring and Observing and Testing Equipment,41110000,Measuring and observing and testing instruments,41113000,Chemical evaluation instruments and supplies,41113030,Radiochromatographic scanner,chromatography,1.4
41000000,Laboratory and Measuring and Observing and Testing Equipment,41110000,Measuring and observing and testing instruments,41113000,Chemical evaluation instruments and supplies,41113040,Colony counter,microbial_analysis,1.6
41000000,Laboratory and Measuring and Observing and Testing Equipment,41110000,Measuring and observing and testing instruments,41113000,Chemical evaluation instruments and supplies,41113041,Elemental analyzer,composition_analysis,1.4
41000000,Laboratory and Measuring and Observing and Testing Equipment,41110000,Measuring and observing and testing instruments,41113000,Chemical evaluation instruments and supplies,41113042,Milk analyzer,composition_analysis,1.4
41000000,Laboratory and Measuring and Observing and Testing Equipment,41110000,Measuring and observing and testing instruments,41113000,Chemical evaluation instruments and supplies,41113049,Combustion analyzer,composition_analysis,1.4
41000000,Laboratory and Measuring and Observing and Testing Equipment,41110000,Measuring and observing and testing instruments,41113100,Gas analyzers and monitors,41113101,Automotive exhaust emission analyzers,composition_analysis,1.4
41000000,Laboratory and Measuring and Observing and Testing Equipment,41110000,Measuring and observing and testing instruments,41113100,Gas analyzers and monitors,41113102,Catalytic combustion analyzers,composition_analysis,1.4
41000000,Laboratory and Measuring and Observing and Testing Equipment,41110000,Measuring and observing and testing instruments,41113100,Gas analyzers and monitors,41113103,Chemical absorption gas analyzers,composition_analysis,1.4
41000000,Laboratory and Measuring and Observing and Testing Equipment,41110000,Measuring and observing and testing instruments,41113100,Gas analyzers and monitors,41113105,Hydrocarbons analyzers or detectors,composition_analysis,1.4
41000000,Laboratory and Measuring and Observing and Testing Equipment,41110000,Measuring and observing and testing instruments,41113100,Gas analyzers and monitors,41113106,Infra red or ultra violet absorption analyzers,composition_analysis,1.4
41000000,Laboratory and Measuring and Observing and Testing Equipment,41110000,Measuring and observing and testing instruments,41113100,Gas analyzers and monitors,41113107,Nitrogen gas analyzers,composition_analysis,1.4
41000000,Laboratory and Measuring and Observing and Testing Equipment,41110000,Measuring and observing and testing instruments,41113100,Gas analyzers and monitors,41113108,Nitrogen oxide analyzers,composition_analysis,1.4
41000000,Laboratory and Measuring and Observing and Testing Equipment,41110000,Measuring and observing and testing instruments,41113100,Gas analyzers and monitors,41113110,Oxygen gas analyzers,composition_analysis,1.4
41000000,Laboratory and Measuring and Observing and Testing Equipment,41110000,Measuring and observing and testing instruments,41113100,Gas analyzers and monitors,41113111,Ozone analyzers,composition_analysis,1.4
41000000,Laboratory and Measuring and Observing and Testing Equipment,41110000,Measuring and observing and testing instruments,41113100,Gas analyzers and monitors,41113112,Paramagnetic susceptibility analyzers,composition_analysis,1.4
41000000,Laboratory and Measuring and Observing and Testing Equipment,41110000,Measuring and observing and testing instruments,41113100,Gas analyzers and monitors,41113113,Sulfur dioxide analyzers or detectors,composition_analysis,1.4
41000000,Laboratory and Measuring and Observing and Testing Equipment,41110000,Measuring and observing and testing instruments,41113100,Gas analyzers and monitors,41113114,Thermal conductivity analyzers,composition_analysis,1.4
41000000,Laboratory and Measuring and Observing and Testing Equipment,41110000,Measuring and observing and testing instruments,41113100,Gas analyzers and monitors,41113117,Single gas monitors,process_monitoring,2.4
41000000,Laboratory and Measuring and Observing and Testing Equipment,41110000,Measuring and observing and testing instruments,41113100,Gas analyzers and monitors,41113118,Multi gas monitors,process_monitoring,2.4
41000000,Laboratory and Measuring and Observing and Testing Equipment,41110000,Measuring and observing and testing instruments,41113100,Gas analyzers and monitors,41113119,Dissolved carbon dioxide analyzers,composition_analysis,1.4
41000000,Laboratory and Measuring and Observing and Testing Equipment,41110000,Measuring and observing and testing instruments,41113100,Gas analyzers and monitors,41113120,Carbon monoxide analyzer,composition_analysis,1.4
41000000,Laboratory and Measuring and Observing and Testing Equipment,41110000,Measuring and observing and testing instruments,41113300,Liquid and solid and elemental analyzers,41113301,Acid or base analyzers,composition_analysis,1.4
41000000,Laboratory and Measuring and Observing and Testing Equipment,41110000,Measuring and observing and testing instruments,41113300,Liquid and solid and elemental analyzers,41113304,Bauxite analyzers,composition_analysis,1.4
41000000,Laboratory and Measuring and Observing and Testing Equipment,41110000,Measuring and observing and testing instruments,41113300,Liquid and solid and elemental analyzers,41113305,Calcium analyzers,composition_analysis,1.4
41000000,Laboratory and Measuring and Observing and Testing Equipment,41110000,Measuring and observing and testing instruments,41113300,Liquid and solid and elemental analyzers,41113306,Chloride analyzers,composition_analysis,1.4
41000000,Laboratory and Measuring and Observing and Testing Equipment,41110000,Measuring and observing and testing instruments,41113300,Liquid and solid and elemental analyzers,41113308,Electrolyte analyzers,composition_analysis,1.4
41000000,Laboratory and Measuring and Observing and Testing Equipment,41110000,Measuring and observing and testing instruments,41113300,Liquid and solid and elemental analyzers,41113309,Enzyme analyzers,composition_analysis,1.4
41000000,Laboratory and Measuring and Observing and Testing Equipment,41110000,Measuring and observing and testing instruments,41113300,Liquid and solid and elemental analyzers,41113310,Fatty acid analyzers,composition_analysis,1.4
41000000,Laboratory and Measuring and Observing and Testing Equipment,41110000,Measuring and observing and testing instruments,41113300,Liquid and solid and elemental analyzers,41113312,Lactate analyzers,composition_analysis,1.4
41000000,Laboratory and Measuring and Observing and Testing Equipment,41110000,Measuring and observing and testing instruments,41113300,Liquid and solid and elemental analyzers,41113314,Oil content monitors analyzers,composition_analysis;process_monitoring,1.4
41000000,Laboratory and Measuring and Observing and Testing Equipment,41110000,Measuring and observing and testing instruments,41113300,Liquid and solid and elemental analyzers,41113315,Organic carbon analyzers,composition_analysis,1.4
41000000,Laboratory and Measuring and Observing and Testing Equipment,41110000,Measuring and observing and testing instruments,41113300,Liquid and solid and elemental analyzers,41113318,Uranium analyzers,composition_analysis,1.4
41000000,Laboratory and Measuring and Observing and Testing Equipment,41110000,Measuring and observing and testing instruments,41113300,Liquid and solid and elemental analyzers,41113319,Water analyzers,composition_analysis,1.4
41000000,Laboratory and Measuring and Observing and Testing Equipment,41110000,Measuring and observing and testing instruments,41113300,Liquid and solid and elemental analyzers,41113322,Nitrogen or nitrate or nitrite analyzer,composition_analysis,1.4
41000000,Laboratory and Measuring and Observing and Testing Equipment,41110000,Measuring and observing and testing instruments,41113300,Liquid and solid and elemental analyzers,41113323,Sugar analyzers,composition_analysis,1.4
41000000,Laboratory and Measuring and Observing and Testing Equipment,41110000,Measuring and observing and testing instruments,41113300,Liquid and solid and elemental analyzers,41113328,Mercury analyzer,composition_analysis,1.4
41000000,Laboratory and Measuring and Observing and Testing Equipment,41110000,Measuring and observing and testing instruments,41113300,Liquid and solid and elemental analyzers,41113332,Liquid ration analyzer,composition_analysis,1.4
41000000,Laboratory and Measuring and Observing and Testing Equipment,41110000,Measuring and observing and testing instruments,41113300,Liquid and solid and elemental analyzers,41113333,Zeta potential analyzer,composition_analysis,1.4
41000000,Laboratory and Measuring and Observing and Testing Equipment,41110000,Measuring and observing and testing instruments,41113300,Liquid and solid and elemental analyzers,41113334,Paint coating test equipment,encapsulation,2.9
41000000,Laboratory and Measuring and Observing and Testing Equipment,41110000,Measuring and observing and testing instruments,41113300,Liquid and solid and elemental analyzers,41113335,Dissolved compounds multiple component analyzer,composition_analysis,1.4
41000000,Laboratory and Measuring and Observing and Testing Equipment,41110000,Measuring and observing and testing instruments,41113300,Liquid and solid and elemental analyzers,41113336,Steam emulsion number tester,heating,2.4
41000000,Laboratory and Measuring and Observing and Testing Equipment,41110000,Measuring and observing and testing instruments,41113400,Nuclear evaluation instruments,41113407,X ray microanalysers,composition_analysis,1.4
41000000,Laboratory and Measuring and Observing and Testing Equipment,41110000,Measuring and observing and testing instruments,41113600,Electrical measuring and testing equipment and accessories,41113607,Heat stress monitors,process_monitoring,2.4
41000000,Laboratory and Measuring and Observing and Testing Equipment,41110000,Measuring and observing and testing instruments,41113600,Electrical measuring and testing equipment and accessories,41113646,Temperature calibrator or simulator,process_monitoring,2.4
41000000,Laboratory and Measuring and Observing and Testing Equipment,41110000,Measuring and observing and testing instruments,41113600,Electrical measuring and testing equipment and accessories,41113656,Servo system tester,structural_analysis,1.4
41000000,Laboratory and Measuring and Observing and Testing Equipment,41110000,Measuring and observing and testing instruments,41113700,Electronic and communication measuring and testing instruments,41113711,Network analyzers,composition_analysis,1.4
41000000,Laboratory and Measuring and Observing and Testing Equipment,41110000,Measuring and observing and testing instruments,41113700,Electronic and communication measuring and testing instruments,41113718,Protocol analyzers,composition_analysis,1.4
41000000,Laboratory and Measuring and Observing and Testing Equipment,41110000,Measuring and observing and testing instruments,41113800,Geophysical and geotechnical instruments,41113810,Hydrothermal testing equipment,chemical_reaction,2.4
41000000,Laboratory and Measuring and Observing and Testing Equipment,41110000,Measuring and observing and testing instruments,41113800,Geophysical and geotechnical instruments,41113819,Soil analyzer,composition_analysis,1.4
41000000,Laboratory and Measuring and Observing and Testing Equipment,41110000,Measuring and observing and testing instruments,41113800,Geophysical and geotechnical instruments,41113825,Soil aggregate analyzer,composition_analysis,1.4
41000000,Laboratory and Measuring and Observing and Testing Equipment,41110000,Measuring and observing and testing instruments,41113800,Geophysical and geotechnical instruments,41113826,Soil texture analyzer,composition_analysis,1.4
41000000,Laboratory and Measuring and Observing and Testing Equipment,41110000,Measuring and observing and testing instruments,41113900,Soil measuring equipment,41113903,Particle size measuring apparatus,structural_analysis,1.4
41000000,Laboratory and Measuring and Observing and Testing Equipment,41110000,Measuring and observing and testing instruments,41114400,Meteorological instruments,41114403,Precipitation or evaporation recorders,cip_cleaning,2.4
41000000,Laboratory and Measuring and Observing and Testing Equipment,41110000,Measuring and observing and testing instruments,41114400,Meteorological instruments,41114406,Precipitation or evaporation surface observing apparatus,cip_cleaning,2.4
41000000,Laboratory and Measuring and Observing and Testing Equipment,41110000,Measuring and observing and testing instruments,41114400,Meteorological instruments,41114408,Temperature or humidity surface observing apparatus,process_monitoring,2.4
41000000,Laboratory and Measuring and Observing and Testing Equipment,41110000,Measuring and observing and testing instruments,41114400,Meteorological instruments,41114422,Rain gauge calibrator,process_monitoring,2.4
41000000,Laboratory and Measuring and Observing and Testing Equipment,41110000,Measuring and observing and testing instruments,41114400,Meteorological instruments,41114423,Automatic weather system calibrator,structural_analysis,1.4
41000000,Laboratory and Measuring and Observing and Testing Equipment,41110000,Measuring and observing and testing instruments,41114500,Mechanical instruments,41114516,Cutting force measuring instrument,size_reduction,2.4
41000000,Laboratory and Measuring and Observing and Testing Equipment,41110000,Measuring and observing and testing instruments,41114500,Mechanical instruments,41114521,Air compressor tester,gas_compression,2.4
41000000,Laboratory and Measuring and Observing and Testing Equipment,41110000,Measuring and observing and testing instruments,41115300,Light and wave generating and measuring equipment,41115303,Frequency analyzers,composition_analysis,1.4
41000000,Laboratory and Measuring and Observing and Testing Equipment,41110000,Measuring and observing and testing instruments,41115300,Light and wave generating and measuring equipment,41115322,Laser beam analyzers,composition_analysis,1.4
41000000,Laboratory and Measuring and Observing and Testing Equipment,41110000,Measuring and observing and testing instruments,41115300,Light and wave generating and measuring equipment,41115324,Ultraviolet sensor,process_monitoring,2.4
41000000,Laboratory and Measuring and Observing and Testing Equipment,41110000,Measuring and observing and testing instruments,41115400,Spectroscopic equipment,41115403,Spectrometers,composition_analysis,1.4
41000000,Laboratory and Measuring and Observing and Testing Equipment,41110000,Measuring and observing and testing instruments,41115400,Spectroscopic equipment,41115404,Mass spectrometers,composition_analysis,1.4
41000000,Laboratory and Measuring and Observing and Testing Equipment,41110000,Measuring and observing and testing instruments,41115400,Spectroscopic equipment,41115405,Proton spectrometers,composition_analysis,1.4
41000000,Laboratory and Measuring and Observing and Testing Equipment,41110000,Measuring and observing and testing instruments,41115400,Spectroscopic equipment,41115407,Atomic absorption AA spectrometers,composition_analysis,1.4
41000000,Laboratory and Measuring and Observing and Testing Equipment,41110000,Measuring and observing and testing instruments,41115400,Spectroscopic equipment,41115408,Infrared spectrometers,composition_analysis,1.4
41000000,Laboratory and Measuring and Observing and Testing Equipment,41110000,Measuring and observing and testing instruments,41115400,Spectroscopic equipment,41115409,Nuclear magnetic resonance NMR spectrometers,composition_analysis,1.4
41000000,Laboratory and Measuring and Observing and Testing Equipment,41110000,Measuring and observing and testing instruments,41115400,Spectroscopic equipment,41115411,Inductively coupled plasma ICP spectrometers,composition_analysis,1.4
41000000,Laboratory and Measuring and Observing and Testing Equipment,41110000,Measuring and observing and testing instruments,41115400,Spectroscopic equipment,41115413,Flow cytometer,microbial_analysis,1.6
41000000,Laboratory and Measuring and Observing and Testing Equipment,41110000,Measuring and observing and testing instruments,41115400,Spectroscopic equipment,41115414,Radio ray spectroscopy system,composition_analysis,1.4
41000000,Laboratory and Measuring and Observing and Testing Equipment,41110000,Measuring and observing and testing instruments,41115400,Spectroscopic equipment,41115415,Electron spectroscopy system for chemical analysis,composition_analysis;structural_analysis,1.4
41000000,Laboratory and Measuring and Observing and Testing Equipment,41110000,Measuring and observing and testing instruments,41115400,Spectroscopic equipment,41115416,Electron spin resonance spectrometer,composition_analysis,1.4
41000000,Laboratory and Measuring and Observing and Testing Equipment,41110000,Measuring and observing and testing instruments,41115400,Spectroscopic equipment,41115417,Atomic absorption AA spectrometer accessories,composition_analysis,1.4
41000000,Laboratory and Measuring and Observing and Testing Equipment,41110000,Measuring and observing and testing instruments,41115500,Sound generating and measuring equipment,41115504,Sound velocity analyzers,composition_analysis,1.4
41000000,Laboratory and Measuring and Observing and Testing Equipment,41110000,Measuring and observing and testing instruments,41115500,Sound generating and measuring equipment,41115507,Voice analyzer,composition_analysis,1.4
41000000,Laboratory and Measuring and Observing and Testing Equipment,41110000,Measuring and observing and testing instruments,41115600,Electrochemical measuring instruments and accessories,41115603,pH meters,process_monitoring,2.4
41000000,Laboratory and Measuring and Observing and Testing Equipment,41110000,Measuring and observing and testing instruments,41115600,Electrochemical measuring instruments and accessories,41115612,Dissolved oxygen probes,process_monitoring,2.4
41000000,Laboratory and Measuring and Observing and Testing Equipment,41110000,Measuring and observing and testing instruments,41115700,Chromatographic measuring instruments and accessories,41115701,Chromatographic detectors,chromatography,1.4
41000000,Laboratory and Measuring and Observing and Testing Equipment,41110000,Measuring and observing and testing instruments,41115700,Chromatographic measuring instruments and accessories,41115702,Chromatographic scanners,chromatography,1.4
41000000,Laboratory and Measuring and Observing and Testing Equipment,41110000,Measuring and observing and testing instruments,41115700,Chromatographic measuring instruments and accessories,41115703,Gas chromatographs,chromatography,1.4
41000000,Laboratory and Measuring and Observing and Testing Equipment,41110000,Measuring and observing and testing instruments,41115700,Chromatographic measuring instruments and accessories,41115704,Ion chromatographs,chromatography,1.4
41000000,Laboratory and Measuring and Observing and Testing Equipment,41110000,Measuring and observing and testing instruments,41115700,Chromatographic measuring instruments and accessories,41115705,Liquid chromatographs,chromatography,1.4
41000000,Laboratory and Measuring and Observing and Testing Equipment,41110000,Measuring and observing and testing instruments,41115700,Chromatographic measuring instruments and accessories,41115706,Thinlayer chromatographs,chromatography,1.4
41000000,Laboratory and Measuring and Observing and Testing Equipment,41110000,Measuring and observing and testing instruments,41115700,Chromatographic measuring instruments and accessories,41115707,High pressure liquid chromatograph chromatography,chromatography;process_monitoring,1.4
41000000,Laboratory and Measuring and Observing and Testing Equipment,41110000,Measuring and observing and testing instruments,41115700,Chromatographic measuring instruments and accessories,41115708,High pressure thin layer chromatograph TLC,chromatography;process_monitoring,1.4
41000000,Laboratory and Measuring and Observing and Testing Equipment,41110000,Measuring and observing and testing instruments,41115700,Chromatographic measuring instruments and accessories,41115709,High pressure liquid chromatography HPLC columns,chromatography;process_monitoring,1.4
41000000,Laboratory and Measuring and Observing and Testing Equipment,41110000,Measuring and observing and testing instruments,41115700,Chromatographic measuring instruments and accessories,41115710,Gas chromatography GC columns,chromatography,1.4
41000000,Laboratory and Measuring and Observing and Testing Equipment,41110000,Measuring and observing and testing instruments,41115700,Chromatographic measuring instruments and accessories,41115711,Liquid chromatography LC columns,chromatography,1.4
41000000,Laboratory and Measuring and Observing and Testing Equipment,41110000,Measuring and observing and testing instruments,41115700,Chromatographic measuring instruments and accessories,41115712,Solid phase extraction SPE columns,extraction,2.4
41000000,Laboratory and Measuring and Observing and Testing Equipment,41110000,Measuring and observing and testing instruments,41115700,Chromatographic measuring instruments and accessories,41115713,Thin layer chromatography tanks,chromatography;storage,1.4
41000000,Laboratory and Measuring and Observing and Testing Equipment,41110000,Measuring and observing and testing instruments,41115700,Chromatographic measuring instruments and accessories,41115716,Liquid chromatography fittings,chromatography,1.4
41000000,Laboratory and Measuring and Observing and Testing Equipment,41110000,Measuring and observing and testing instruments,41115700,Chromatographic measuring instruments and accessories,41115717,Gas chromatography fittings,chromatography,1.4
41000000,Laboratory and Measuring and Observing and Testing Equipment,41110000,Measuring and observing and testing instruments,41115700,Chromatographic measuring instruments and accessories,41115719,Gas chromatography liners,chromatography,1.4
41000000,Laboratory and Measuring and Observing and Testing Equipment,41110000,Measuring and observing and testing instruments,41115700,Chromatographic measuring instruments and accessories,41115720,Chromatography tubing,chromatography,1.4
41000000,Laboratory and Measuring and Observing and Testing Equipment,41110000,Measuring and observing and testing instruments,41115700,Chromatographic measuring instruments and accessories,41115721,Fast protein liquid chromatography FPLC system,chromatography,1.4
41000000,Laboratory and Measuring and Observing and Testing Equipment,41110000,Measuring and observing and testing instruments,41115700,Chromatographic measuring instruments and accessories,41115722,Fast protein liquid chromatography FPLC column,chromatography,1.4
41000000,Laboratory and Measuring and Observing and Testing Equipment,41110000,Measuring and observing and testing instruments,41115700,Chromatographic measuring instruments and accessories,41115723,Supercritical fluid chromatograph,extraction;chromatography,1.4
41000000,Laboratory and Measuring and Observing and Testing Equipment,41110000,Measuring and observing and testing instruments,41115700,Chromatographic measuring instruments and accessories,41115724,Chromatography vial or insert or cap,chromatography,1.4
41000000,Laboratory and Measuring and Observing and Testing Equipment,41110000,Measuring and observing and testing instruments,41115700,Chromatographic measuring instruments and accessories,41115725,Thin layer chromatography plate,chromatography,1.4
41000000,Laboratory and Measuring and Observing and Testing Equipment,41110000,Measuring and observing and testing instruments,41115700,Chromatographic measuring instruments and accessories,41115726,Thin layer chromatography fitting,chromatography,1.4
41000000,Laboratory and Measuring and Observing and Testing Equipment,41110000,Measuring and observing and testing instruments,41115700,Chromatographic measuring instruments and accessories,41115727,Chromatography blotting paper,chromatography,1.4
41000000,Laboratory and Measuring and Observing and Testing Equipment,41110000,Measuring and observing and testing instruments,41115700,Chromatographic measuring instruments and accessories,41115728,Ion chromatography IC column,chromatography,1.4
41000000,Laboratory and Measuring and Observing and Testing Equipment,41110000,Measuring and observing and testing instruments,41115700,Chromatographic measuring instruments and accessories,41115729,Ion chromatography IC guard column,chromatography,1.4
41000000,Laboratory and Measuring and Observing and Testing Equipment,41110000,Measuring and observing and testing instruments,41115700,Chromatographic measuring instruments and accessories,41115730,High pressure liquid chromatography HPLC guard column,chromatography;process_monitoring,1.4
41000000,Laboratory and Measuring and Observing and Testing Equipment,41110000,Measuring and observing and testing instruments,41115700,Chromatographic measuring instruments and accessories,41115732,Liquid chromatograph LC fraction collector,chromatography,1.4
41000000,Laboratory and Measuring and Observing and Testing Equipment,41110000,Measuring and observing and testing instruments,41115700,Chromatographic measuring instruments and accessories,41115733,Ion chromatography IC eluent generator,chromatography,1.4
41000000,Laboratory and Measuring and Observing and Testing Equipment,41110000,Measuring and observing and testing instruments,41115800,Clinical and diagnostic analyzers and accessories and supplies,41115801,Amino acid analyzers,composition_analysis,1.4
41000000,Laboratory and Measuring and Observing and Testing Equipment,41110000,Measuring and observing and testing instruments,41115800,Clinical and diagnostic analyzers and accessories and supplies,41115802,Amino acid analyzer accessories or supplies,composition_analysis,1.4
41000000,Laboratory and Measuring and Observing and Testing Equipment,41110000,Measuring and observing and testing instruments,41115800,Clinical and diagnostic analyzers and accessories and supplies,41115803,Blood bank analyzers,composition_analysis,1.4
41000000,Laboratory and Measuring and Observing and Testing Equipment,41110000,Measuring and observing and testing instruments,41115800,Clinical and diagnostic analyzers and accessories and supplies,41115804,Blood bank analyzer accessories or supplies,composition_analysis,1.4
41000000,Laboratory and Measuring and Observing and Testing Equipment,41110000,Measuring and observing and testing instruments,41115800,Clinical and diagnostic analyzers and accessories and supplies,41115805,Blood gas analyzers,composition_analysis,1.4
41000000,Laboratory and Measuring and Observing and Testing Equipment,41110000,Measuring and observing and testing instruments,41115800,Clinical and diagnostic analyzers and accessories and supplies,41115806,Blood gas analyzer accessories or supplies,composition_analysis,1.4
41000000,Laboratory and Measuring and Observing and Testing Equipment,41110000,Measuring and observing and testing instruments,41115800,Clinical and diagnostic analyzers and accessories and supplies,41115807,Chemistry analyzers,composition_analysis,1.4
41000000,Laboratory and Measuring and Observing and Testing Equipment,41110000,Measuring and observing and testing instruments,41115800,Clinical and diagnostic analyzers and accessories and supplies,41115808,Chemistry analyzer accessories or supplies,composition_analysis,1.4
41000000,Laboratory and Measuring and Observing and Testing Equipment,41110000,Measuring and observing and testing instruments,41115800,Clinical and diagnostic analyzers and accessories and supplies,41115809,Coagulation analyzers,composition_analysis,1.4
41000000,Laboratory and Measuring and Observing and Testing Equipment,41110000,Measuring and observing and testing instruments,41115800,Clinical and diagnostic analyzers and accessories and supplies,41115810,Coagulation analyzer accessories or supplies,composition_analysis,1.4
41000000,Laboratory and Measuring and Observing and Testing Equipment,41110000,Measuring and observing and testing instruments,41115800,Clinical and diagnostic analyzers and accessories and supplies,41115811,Deoxyribonucleic sequence analyzers,composition_analysis,1.4
41000000,Laboratory and Measuring and Observing and Testing Equipment,41110000,Measuring and observing and testing instruments,41115800,Clinical and diagnostic analyzers and accessories and supplies,41115812,Deoxyribonucleic sequence analyzer accessories or supplies,composition_analysis,1.4
41000000,Laboratory and Measuring and Observing and Testing Equipment,41110000,Measuring and observing and testing instruments,41115800,Clinical and diagnostic analyzers and accessories and supplies,41115813,Toxicology analyzers,composition_analysis,1.4
41000000,Laboratory and Measuring and Observing and Testing Equipment,41110000,Measuring and observing and testing instruments,41115800,Clinical and diagnostic analyzers and accessories and supplies,41115814,Toxicology analyzers accessories or supplies,composition_analysis,1.4
41000000,Laboratory and Measuring and Observing and Testing Equipment,41110000,Measuring and observing and testing instruments,41115800,Clinical and diagnostic analyzers and accessories and supplies,41115815,Hematology analyzers,composition_analysis,1.4
41000000,Laboratory and Measuring and Observing and Testing Equipment,41110000,Measuring and observing and testing instruments,41115800,Clinical and diagnostic analyzers and accessories and supplies,41115816,Hematology analyzer accessories or supplies,composition_analysis,1.4
41000000,Laboratory and Measuring and Observing and Testing Equipment,41110000,Measuring and observing and testing instruments,41115800,Clinical and diagnostic analyzers and accessories and supplies,41115817,Histology analyzers,composition_analysis,1.4
41000000,Laboratory and Measuring and Observing and Testing Equipment,41110000,Measuring and observing and testing instruments,41115800,Clinical and diagnostic analyzers and accessories and supplies,41115818,Histology analyzer accessories or supplies,composition_analysis,1.4
41000000,Laboratory and Measuring and Observing and Testing Equipment,41110000,Measuring and observing and testing instruments,41115800,Clinical and diagnostic analyzers and accessories and supplies,41115819,Immunology analyzers,composition_analysis,1.4
41000000,Laboratory and Measuring and Observing and Testing Equipment,41110000,Measuring and observing and testing instruments,41115800,Clinical and diagnostic analyzers and accessories and supplies,41115820,Immunology analyzer accessories or supplies,composition_analysis,1.4
41000000,Laboratory and Measuring and Observing and Testing Equipment,41110000,Measuring and observing and testing instruments,41115800,Clinical and diagnostic analyzers and accessories and supplies,41115821,Microbiology analyzers,composition_analysis,1.4
41000000,Laboratory and Measuring and Observing and Testing Equipment,41110000,Measuring and observing and testing instruments,41115800,Clinical and diagnostic analyzers and accessories and supplies,41115822,Microbiology analyzer accessories or supplies,composition_analysis,1.4
41000000,Laboratory and Measuring and Observing and Testing Equipment,41110000,Measuring and observing and testing instruments,41115800,Clinical and diagnostic analyzers and accessories and supplies,41115823,Protein analyzers,composition_analysis,1.4
41000000,Laboratory and Measuring and Observing and Testing Equipment,41110000,Measuring and observing and testing instruments,41115800,Clinical and diagnostic analyzers and accessories and supplies,41115824,Protein analyzer accessories or supplies,composition_analysis,1.4
41000000,Laboratory and Measuring and Observing and Testing Equipment,41110000,Measuring and observing and testing instruments,41115800,Clinical and diagnostic analyzers and accessories and supplies,41115825,Radioisotopic analyzers,composition_analysis,1.4
41000000,Laboratory and Measuring and Observing and Testing Equipment,41110000,Measuring and observing and testing instruments,41115800,Clinical and diagnostic analyzers and accessories and supplies,41115826,Radioisotopic analyzer accessories or supplies,composition_analysis,1.4
41000000,Laboratory and Measuring and Observing and Testing Equipment,41110000,Measuring and observing and testing instruments,41115800,Clinical and diagnostic analyzers and accessories and supplies,41115827,Urinalysis analyzers,composition_analysis,1.4
41000000,Laboratory and Measuring and Observing and Testing Equipment,41110000,Measuring and observing and testing instruments,41115800,Clinical and diagnostic analyzers and accessories and supplies,41115828,Urinalysis analyzer accessories or supplies,composition_analysis,1.4
41000000,Laboratory and Measuring and Observing and Testing Equipment,41110000,Measuring and observing and testing instruments,41115800,Clinical and diagnostic analyzers and accessories and supplies,41115829,Meat or dairy product analyzers,composition_analysis,1.4
41000000,Laboratory and Measuring and Observing and Testing Equipment,41110000,Measuring and observing and testing instruments,41115800,Clinical and diagnostic analyzers and accessories and supplies,41115830,Glucose analyzers,composition_analysis,1.4
41000000,Laboratory and Measuring and Observing and Testing Equipment,41110000,Measuring and observing and testing instruments,41115800,Clinical and diagnostic analyzers and accessories and supplies,41115833,Skin analyzer,composition_analysis,1.4
41000000,Laboratory and Measuring and Observing and Testing Equipment,41110000,Measuring and observing and testing instruments,41115800,Clinical and diagnostic analyzers and accessories and supplies,41115834,Flow cytometer accessories or supplies,microbial_analysis,1.6
41000000,Laboratory and Measuring and Observing and Testing Equipment,41110000,Measuring and observing and testing instruments,41115800,Clinical and diagnostic analyzers and accessories and supplies,41115839,Blood bank apheresis and donor unit processing analyzer,composition_analysis,1.4
41000000,Laboratory and Measuring and Observing and Testing Equipment,41110000,Measuring and observing and testing instruments,41115800,Clinical and diagnostic analyzers and accessories and supplies,41115840,Blood bank apheresis and donor unit processing analyzer accessories and supplies,composition_analysis,1.4
41000000,Laboratory and Measuring and Observing and Testing Equipment,41110000,Measuring and observing and testing instruments,41115800,Clinical and diagnostic analyzers and accessories and supplies,41115842,Automated blood culture system analyzer accessories or supplies,composition_analysis;structural_analysis,1.4
41000000,Laboratory and Measuring and Observing and Testing Equipment,41110000,Measuring and observing and testing instruments,41115800,Clinical and diagnostic analyzers and accessories and supplies,41115843,Molecular diagnostics analyzer,composition_analysis,1.4
41000000,Laboratory and Measuring and Observing and Testing Equipment,41110000,Measuring and observing and testing instruments,41115800,Clinical and diagnostic analyzers and accessories and supplies,41115844,Molecular diagnostics analyzer accessories,composition_analysis,1.4
41000000,Laboratory and Measuring and Observing and Testing Equipment,41110000,Measuring and observing and testing instruments,41115800,Clinical and diagnostic analyzers and accessories and supplies,41115845,Cell metabolism analyzer,composition_analysis,1.4
41000000,Laboratory and Measuring and Observing and Testing Equipment,41110000,Measuring and observing and testing instruments,41115800,Clinical and diagnostic analyzers and accessories and supplies,41115846,Cell metabolism analyzer accessories,composition_analysis,1.4
41000000,Laboratory and Measuring and Observing and Testing Equipment,41110000,Measuring and observing and testing instruments,41115800,Clinical and diagnostic analyzers and accessories and supplies,41115847,Sweat chloride iontophoresis analyzer,composition_analysis,1.4
41000000,Laboratory and Measuring and Observing and Testing Equipment,41110000,Measuring and observing and testing instruments,41115800,Clinical and diagnostic analyzers and accessories and supplies,41115848,Sweat chloride iontophoresis analyzer accessories,composition_analysis,1.4
41000000,Laboratory and Measuring and Observing and Testing Equipment,41110000,Measuring and observing and testing instruments,41115800,Clinical and diagnostic analyzers and accessories and supplies,41115849,Electrolyte analyzer,composition_analysis,1.4
41000000,Laboratory and Measuring and Observing and Testing Equipment,41110000,Measuring and observing and testing instruments,41115800,Clinical and diagnostic analyzers and accessories and supplies,41115850,Pipettor delivery calibration and verification analyzer,composition_analysis,1.4
41000000,Laboratory and Measuring and Observing and Testing Equipment,41110000,Measuring and observing and testing instruments,41115800,Clinical and diagnostic analyzers and accessories and supplies,41115851,Pipettor delivery calibration and verification analyzer accessories,composition_analysis,1.4
41000000,Laboratory and Measuring and Observing and Testing Equipment,41110000,Measuring and observing and testing instruments,41115800,Clinical and diagnostic analyzers and accessories and supplies,41115852,Flow cytometry analyzer,composition_analysis,1.4
41000000,Laboratory and Measuring and Observing and Testing Equipment,41110000,Measuring and observing and testing instruments,41115800,Clinical and diagnostic analyzers and accessories and supplies,41115853,Automated high performance chromatography HPLC analyzer system,chromatography;composition_analysis,1.4
41000000,Laboratory and Measuring and Observing and Testing Equipment,41110000,Measuring and observing and testing instruments,41115800,Clinical and diagnostic analyzers and accessories and supplies,41115854,Automated high performance chromatography HPLC analyzer system accessories,chromatography;composition_analysis;structural_analysis,1.4
41000000,Laboratory and Measuring and Observing and Testing Equipment,41110000,Measuring and observing and testing instruments,41115800,Clinical and diagnostic analyzers and accessories and supplies,41115855,Transplant diagnostics analyzer,composition_analysis,1.4
41000000,Laboratory and Measuring and Observing and Testing Equipment,41110000,Measuring and observing and testing instruments,41115800,Clinical and diagnostic analyzers and accessories and supplies,41115856,Transplant diagnostics analyzer accessories,composition_analysis,1.4
41000000,Laboratory and Measuring and Observing and Testing Equipment,41110000,Measuring and observing and testing instruments,41115800,Clinical and diagnostic analyzers and accessories and supplies,41115857,Flame photometer analyzer,composition_analysis,1.4
41000000,Laboratory and Measuring and Observing and Testing Equipment,41110000,Measuring and observing and testing instruments,41115800,Clinical and diagnostic analyzers and accessories and supplies,41115858,Flame photometer analyzer accessories,composition_analysis,1.4
41000000,Laboratory and Measuring and Observing and Testing Equipment,41110000,Measuring and observing and testing instruments,41115800,Clinical and diagnostic analyzers and accessories and supplies,41115859,Gas-liquid chromatography and mass spectrometry analyzer,chromatography;composition_analysis,1.4
41000000,Laboratory and Measuring and Observing and Testing Equipment,41110000,Measuring and observing and testing instruments,41115800,Clinical and diagnostic analyzers and accessories and supplies,41115860,Genomic analysis analyzer,composition_analysis,1.4
41000000,Laboratory and Measuring and Observing and Testing Equipment,41110000,Measuring and observing and testing instruments,41115800,Clinical and diagnostic analyzers and accessories and supplies,41115861,Genomic analysis analyzer accessories,composition_analysis,1.4
41000000,Laboratory and Measuring and Observing and Testing Equipment,41110000,Measuring and observing and testing instruments,41115800,Clinical and diagnostic analyzers and accessories and supplies,41115862,"Nucleic acid extraction, isolation and purification analyzer",extraction;composition_analysis,1.4
41000000,Laboratory and Measuring and Observing and Testing Equipment,41110000,Measuring and observing and testing instruments,41115800,Clinical and diagnostic analyzers and accessories and supplies,41115863,Nucleic acid extraction isolation and purification analyzer accessories,extraction;composition_analysis,1.4
41000000,Laboratory and Measuring and Observing and Testing Equipment,41110000,Measuring and observing and testing instruments,41115800,Clinical and diagnostic analyzers and accessories and supplies,41115864,Multiplex analyzer,composition_analysis,1.4
41000000,Laboratory and Measuring and Observing and Testing Equipment,41110000,Measuring and observing and testing instruments,41115800,Clinical and diagnostic analyzers and accessories and supplies,41115865,Multiplex analyzer accessories,composition_analysis,1.4
41000000,Laboratory and Measuring and Observing and Testing Equipment,41110000,Measuring and observing and testing instruments,41115800,Clinical and diagnostic analyzers and accessories and supplies,41115866,Biomagnetic separation analyzer,composition_analysis,1.4
41000000,Laboratory and Measuring and Observing and Testing Equipment,41110000,Measuring and observing and testing instruments,41115800,Clinical and diagnostic analyzers and accessories and supplies,41115867,Biomagnetic separation analyzer accessories,composition_analysis,1.4
41000000,Laboratory and Measuring and Observing and Testing Equipment,41110000,Measuring and observing and testing instruments,41116000,Clinical and diagnostic analyzer reagents,41116001,Amino acid analyzer reagents,composition_analysis,1.4
41000000,Laboratory and Measuring and Observing and Testing Equipment,41110000,Measuring and observing and testing instruments,41116000,Clinical and diagnostic analyzer reagents,41116002,Blood bank analyzer reagents,composition_analysis,1.4
41000000,Laboratory and Measuring and Observing and Testing Equipment,41110000,Measuring and observing and testing instruments,41116000,Clinical and diagnostic analyzer reagents,41116003,Blood gas analyzer reagents,composition_analysis,1.4
41000000,Laboratory and Measuring and Observing and Testing Equipment,41110000,Measuring and observing and testing instruments,41116000,Clinical and diagnostic analyzer reagents,41116004,Chemistry analyzer reagents,composition_analysis,1.4
41000000,Laboratory and Measuring and Observing and Testing Equipment,41110000,Measuring and observing and testing instruments,41116000,Clinical and diagnostic analyzer reagents,41116005,Coagulation analyzer reagents,composition_analysis,1.4
41000000,Laboratory and Measuring and Observing and Testing Equipment,41110000,Measuring and observing and testing instruments,41116000,Clinical and diagnostic analyzer reagents,41116006,Deoxyribonucleic acid DNA sequence analyzer reagents,composition_analysis,1.4
41000000,Laboratory and Measuring and Observing and Testing Equipment,41110000,Measuring and observing and testing instruments,41116000,Clinical and diagnostic analyzer reagents,41116007,Toxicology analyzer reagents,composition_analysis,1.4
41000000,Laboratory and Measuring and Observing and Testing Equipment,41110000,Measuring and observing and testing instruments,41116000,Clinical and diagnostic analyzer reagents,41116008,Hematology analyzer reagents,composition_analysis,1.4
41000000,Laboratory and Measuring and Observing and Testing Equipment,41110000,Measuring and observing and testing instruments,41116000,Clinical and diagnostic analyzer reagents,41116009,Histology analyzer reagents,composition_analysis,1.4
41000000,Laboratory and Measuring and Observing and Testing Equipment,41110000,Measuring and observing and testing instruments,41116000,Clinical and diagnostic analyzer reagents,41116010,Immunology analyzer reagents,composition_analysis,1.4
41000000,Laboratory and Measuring and Observing and Testing Equipment,41110000,Measuring and observing and testing instruments,41116000,Clinical and diagnostic analyzer reagents,41116011,Microbiology analyzer reagents,composition_analysis,1.4
41000000,Laboratory and Measuring and Observing and Testing Equipment,41110000,Measuring and observing and testing instruments,41116000,Clinical and diagnostic analyzer reagents,41116012,Protein analyzer reagents,composition_analysis,1.4
41000000,Laboratory and Measuring and Observing and Testing Equipment,41110000,Measuring and observing and testing instruments,41116000,Clinical and diagnostic analyzer reagents,41116013,Radioisotopic analyzer reagents,composition_analysis,1.4
41000000,Laboratory and Measuring and Observing and Testing Equipment,41110000,Measuring and observing and testing instruments,41116000,Clinical and diagnostic analyzer reagents,41116014,Urinalysis analyzer reagents,composition_analysis,1.4
41000000,Laboratory and Measuring and Observing and Testing Equipment,41110000,Measuring and observing and testing instruments,41116000,Clinical and diagnostic analyzer reagents,41116015,Flow cytometry analyzers reagents or antibodies,composition_analysis,1.4
41000000,Laboratory and Measuring and Observing and Testing Equipment,41110000,Measuring and observing and testing instruments,41116000,Clinical and diagnostic analyzer reagents,41116016,Electrolyte analyzer reagent,composition_analysis,1.4
41000000,Laboratory and Measuring and Observing and Testing Equipment,41110000,Measuring and observing and testing instruments,41116000,Clinical and diagnostic analyzer reagents,41116018,Particle sizer and counter analyzer reagent,composition_analysis;structural_analysis,1.4
41000000,Laboratory and Measuring and Observing and Testing Equipment,41110000,Measuring and observing and testing instruments,41116000,Clinical and diagnostic analyzer reagents,41116019,Hormone analyzer reagent,composition_analysis,1.4
41000000,Laboratory and Measuring and Observing and Testing Equipment,41110000,Measuring and observing and testing instruments,41116000,Clinical and diagnostic analyzer reagents,41116020,Virology analyzer reagent,composition_analysis,1.4
41000000,Laboratory and Measuring and Observing and Testing Equipment,41110000,Measuring and observing and testing instruments,41116000,Clinical and diagnostic analyzer reagents,41116021,Automated blood culture system analyzer reagent,composition_analysis;structural_analysis,1.4
41000000,Laboratory and Measuring and Observing and Testing Equipment,41110000,Measuring and observing and testing instruments,41116000,Clinical and diagnostic analyzer reagents,41116022,Pipettor delivery calibration and verification analyzer reagent,composition_analysis,1.4
41000000,Laboratory and Measuring and Observing and Testing Equipment,41110000,Measuring and observing and testing instruments,41116000,Clinical and diagnostic analyzer reagents,41116023,Automated high performance chromatography HPLC analyzer system reagent or kit,chromatography;composition_analysis;structural_analysis,1.4
41000000,Laboratory and Measuring and Observing and Testing Equipment,41110000,Measuring and observing and testing instruments,41116000,Clinical and diagnostic analyzer reagents,41116024,Transplant analyzer reagent or kit,composition_analysis,1.4
41000000,Laboratory and Measuring and Observing and Testing Equipment,41110000,Measuring and observing and testing instruments,41116000,Clinical and diagnostic analyzer reagents,41116025,Flame photometer analyzer reagent or kit,composition_analysis,1.4
41000000,Laboratory and Measuring and Observing and Testing Equipment,41110000,Measuring and observing and testing instruments,41116000,Clinical and diagnostic analyzer reagents,41116026,Gas-liquid chromatography and mass spectrometry analyzer reagent,chromatography;composition_analysis,1.4
41000000,Laboratory and Measuring and Observing and Testing Equipment,41110000,Measuring and observing and testing instruments,41116000,Clinical and diagnostic analyzer reagents,41116027,Nucleic acid extraction isolation and purification analyzer reagent and kit,extraction;composition_analysis,1.4
41000000,Laboratory and Measuring and Observing and Testing Equipment,41110000,Measuring and observing and testing instruments,41116100,Manual test kits and quality controls and calibrators and standards,41116155,Molecular biology and cell culture growth media,cell_culture,1.6
41000000,Laboratory and Measuring and Observing and Testing Equipment,41110000,Measuring and observing and testing instruments,41116100,Manual test kits and quality controls and calibrators and standards,41116164,Test kit or probe for laboratory proficiency assessment or laboratory performance improvement tracking,process_monitoring,2.4
41000000,Laboratory and Measuring and Observing and Testing Equipment,41110000,Measuring and observing and testing instruments,41116100,Manual test kits and quality controls and calibrators and standards,41116166,Ph meter and conductivity meter calibrant and standard,process_monitoring,2.4
41000000,Laboratory and Measuring and Observing and Testing Equipment,41110000,Measuring and observing and testing instruments,41116200,Patient point of care testing supplies and equipment,41116201,Glucose monitors or meters,process_monitoring,2.4
41000000,Laboratory and Measuring and Observing and Testing Equipment,41110000,Measuring and observing and testing instruments,41116200,Patient point of care testing supplies and equipment,41116202,Cholesterol monitors or meters,process_monitoring,2.4
41000000,Laboratory and Measuring and Observing and Testing Equipment,41110000,Measuring and observing and testing instruments,41116200,Patient point of care testing supplies and equipment,41116203,Monitor or meter accessories,process_monitoring,2.4
41000000,Laboratory and Measuring and Observing and Testing Equipment,41110000,Measuring and observing and testing instruments,41116200,Patient point of care testing supplies and equipment,41116207,Hemoglobin or hematocrit monitor or meter,process_monitoring,2.4
41000000,Laboratory and Measuring and Observing and Testing Equipment,41110000,Measuring and observing and testing instruments,41116200,Patient point of care testing supplies and equipment,41116208,Blood chemistry multiple parameter monitor or meter,process_monitoring,2.4
41000000,Laboratory and Measuring and Observing and Testing Equipment,41110000,Measuring and observing and testing instruments,41116200,Patient point of care testing supplies and equipment,41116209,Blood coagulation multiple parameter monitor or meter,process_monitoring,2.4
41000000,Laboratory and Measuring and Observing and Testing Equipment,41110000,Measuring and observing and testing instruments,41116200,Patient point of care testing supplies and equipment,41116210,Metabolic disorder breathalyzer monitor or meter,process_monitoring,2.4
41000000,Laboratory and Measuring and Observing and Testing Equipment,41110000,Measuring and observing and testing instruments,41116200,Patient point of care testing supplies and equipment,41116212,Monitor or meter quality controls calibrators or standards,process_monitoring,2.4
41000000,Laboratory and Measuring and Observing and Testing Equipment,41110000,Measuring and observing and testing instruments,41116200,Patient point of care testing supplies and equipment,41116215,Glucose test monitor or meter accessories,process_monitoring,2.4
41000000,Laboratory and Measuring and Observing and Testing Equipment,41110000,Measuring and observing and testing instruments,41116200,Patient point of care testing supplies and equipment,41116216,Blood lead test monitor or meter,process_monitoring,2.4
41000000,Laboratory and Measuring and Observing and Testing Equipment,41110000,Measuring and observing and testing instruments,41116200,Patient point of care testing supplies and equipment,41116217,Blood lead test monitor or meter accessories,process_monitoring,2.4
41000000,Laboratory and Measuring and Observing and Testing Equipment,41110000,Measuring and observing and testing instruments,41116200,Patient point of care testing supplies and equipment,41116218,Cardiac marker panel test monitor or meter,process_monitoring,2.4
41000000,Laboratory and Measuring and Observing and Testing Equipment,41110000,Measuring and observing and testing instruments,41116200,Patient point of care testing supplies and equipment,41116219,Cardiac marker panel test monitor or meter accessories,process_monitoring,2.4
41000000,Laboratory and Measuring and Observing and Testing Equipment,41110000,Measuring and observing and testing instruments,41116200,Patient point of care testing supplies and equipment,41116220,Lipid profile or at risk liver enzyme test monitor or meter,process_monitoring;lipid_analysis,1.4
41000000,Laboratory and Measuring and Observing and Testing Equipment,41110000,Measuring and observing and testing instruments,41116200,Patient point of care testing supplies and equipment,41116221,Lipid profile or at risk liver enzyme test monitor or meter accessories,process_monitoring;lipid_analysis,1.4
41000000,Laboratory and Measuring and Observing and Testing Equipment,41110000,Measuring and observing and testing instruments,41116200,Patient point of care testing supplies and equipment,41116222,Blood bilirubin test monitor or meter,process_monitoring,2.4
41000000,Laboratory and Measuring and Observing and Testing Equipment,41110000,Measuring and observing and testing instruments,41116200,Patient point of care testing supplies and equipment,41116223,Blood bilirubin test monitor or meter accessories,process_monitoring,2.4
41000000,Laboratory and Measuring and Observing and Testing Equipment,41110000,Measuring and observing and testing instruments,41116200,Patient point of care testing supplies and equipment,41116224,Glucose and beta hemoglobin test monitor or meter accessories,process_monitoring,2.4
41000000,Laboratory and Measuring and Observing and Testing Equipment,41120000,Laboratory supplies and fixtures,41121500,Pipettes and liquid handling equipment and supplies,41121514,Pipette pumps,pumping,2.4
41000000,Laboratory and Measuring and Observing and Testing Equipment,41120000,Laboratory supplies and fixtures,41121500,Pipettes and liquid handling equipment and supplies,41121521,Automated liquid handling system accessories,structural_analysis,1.4
41000000,Laboratory and Measuring and Observing and Testing Equipment,41120000,Laboratory supplies and fixtures,41121700,Test Tubes,41121702,Microcentrifuge tubes,solid_liquid_separation,2.4
41000000,Laboratory and Measuring and Observing and Testing Equipment,41120000,Laboratory supplies and fixtures,41121700,Test Tubes,41121703,Centrifuge tubes,solid_liquid_separation,2.4
41000000,Laboratory and Measuring and Observing and Testing Equipment,41120000,Laboratory supplies and fixtures,41121700,Test Tubes,41121707,Separator test tubes,solid_liquid_separation,2.4
41000000,Laboratory and Measuring and Observing and Testing Equipment,41120000,Laboratory supplies and fixtures,41121700,Test Tubes,41121712,Viscometer tube,rheology_measurement,2.4
41000000,Laboratory and Measuring and Observing and Testing Equipment,41120000,Laboratory supplies and fixtures,41121700,Test Tubes,41121713,Sand size analyzer,composition_analysis,1.4
41000000,Laboratory and Measuring and Observing and Testing Equipment,41120000,Laboratory supplies and fixtures,41122000,Laboratory or sampling syringes,41122001,Chromatography syringes,chromatography,1.4
41000000,Laboratory and Measuring and Observing and Testing Equipment,41120000,Laboratory supplies and fixtures,41122000,Laboratory or sampling syringes,41122002,Chromatography syringe needles,chromatography,1.4
41000000,Laboratory and Measuring and Observing and Testing Equipment,41120000,Laboratory supplies and fixtures,41122100,Tissue culture and high throughput screening supplies,41122112,Cell culture glass capillary tube,cell_culture,1.6
41000000,Laboratory and Measuring and Observing and Testing Equipment,41120000,Laboratory supplies and fixtures,41122400,Laboratory implements,41122410,Laboratory sealing film,packaging,2.4
41000000,Laboratory and Measuring and Observing and Testing Equipment,41120000,Laboratory supplies and fixtures,41122600,Laboratory microscope slides and supplies,41122601,Microscope slides,structural_analysis,1.4
41000000,Laboratory and Measuring and Observing and Testing Equipment,41120000,Laboratory supplies and fixtures,41122600,Laboratory microscope slides and supplies,41122602,Microscopes slide coverslips,structural_analysis,1.4
41000000,Laboratory and Measuring and Observing and Testing Equipment,41120000,Laboratory supplies and fixtures,41122600,Laboratory microscope slides and supplies,41122603,Microscope lens paper,structural_analysis,1.4
41000000,Laboratory and Measuring and Observing and Testing Equipment,41120000,Laboratory supplies and fixtures,41122600,Laboratory microscope slides and supplies,41122605,Microscope immersion oil,structural_analysis,1.4
41000000,Laboratory and Measuring and Observing and Testing Equipment,41120000,Laboratory supplies and fixtures,41122600,Laboratory microscope slides and supplies,41122606,Microscope slide dispensers,structural_analysis,1.4
41000000,Laboratory and Measuring and Observing and Testing Equipment,41120000,Laboratory supplies and fixtures,41122600,Laboratory microscope slides and supplies,41122607,Microscope lens cleaner solution,structural_analysis,1.4
41000000,Laboratory and Measuring and Observing and Testing Equipment,41120000,Laboratory supplies and fixtures,41122700,Laboratory tapes and labels,41122702,Labeling tapes,packaging,2.4
41000000,Laboratory and Measuring and Observing and Testing Equipment,41120000,Laboratory supplies and fixtures,41122800,Laboratory stands and racks and trays,41122802,Microscope slide racks,structural_analysis,1.4
41000000,Laboratory and Measuring and Observing and Testing Equipment,41120000,Laboratory supplies and fixtures,41122800,Laboratory stands and racks and trays,41122805,Drying racks,drying,2.4
41000000,Laboratory and Measuring and Observing and Testing Equipment,41120000,Laboratory supplies and fixtures,41123000,Laboratory desiccators and desiccants,41123005,Microbial susceptibility disc desiccant storage container,microbial_analysis;storage,1.6
41000000,Laboratory and Measuring and Observing and Testing Equipment,41120000,Laboratory supplies and fixtures,41123100,Laboratory dialysis supplies,41123104,Dialysis membrane,membrane_separation,2.4
41000000,Laboratory and Measuring and Observing and Testing Equipment,41120000,Laboratory supplies and fixtures,41123200,Preserved specimens and supplies,41123204,Microbial quality control QC reference organism,microbial_analysis,1.6
41000000,Laboratory and Measuring and Observing and Testing Equipment,41120000,Laboratory supplies and fixtures,41123300,General laboratory storage containers and cabinets,41123302,Microscope slide boxes or folders,structural_analysis,1.4
41000000,Laboratory and Measuring and Observing and Testing Equipment,41120000,Laboratory supplies and fixtures,41123300,General laboratory storage containers and cabinets,41123303,Microscope slide cabinets,structural_analysis,1.4
41000000,Laboratory and Measuring and Observing and Testing Equipment,41120000,Laboratory supplies and fixtures,41123300,General laboratory storage containers and cabinets,41123312,Bioprocess container or bag for molecular biology platform,storage,2.4
41000000,Laboratory and Measuring and Observing and Testing Equipment,41120000,Laboratory supplies and fixtures,41123300,General laboratory storage containers and cabinets,41123313,Histology specimen container storage tray,storage,2.4
41000000,Laboratory and Measuring and Observing and Testing Equipment,41120000,Laboratory supplies and fixtures,41123300,General laboratory storage containers and cabinets,41123314,Microscope slide and tissue cabinet marker and accessories,structural_analysis,1.4
41000000,Laboratory and Measuring and Observing and Testing Equipment,41120000,Laboratory supplies and fixtures,41123400,Dosing devices,41123401,Dosing cups,formulation,2.9
41000000,Laboratory and Measuring and Observing and Testing Equipment,41120000,Laboratory supplies and fixtures,41123400,Dosing devices,41123402,Dosing spoons,formulation,2.9
41000000,Laboratory and Measuring and Observing and Testing Equipment,41120000,Laboratory supplies and fixtures,41123400,Dosing devices,41123403,Dosing droppers,formulation,2.9
